Day_of_week,Age_band_of_driver,Sex_of_driver,Educational_level,Vehicle_driver_relation,Driving_experience,Type_of_vehicle,Owner_of_vehicle,Service_year_of_vehicle,Area_accident_occured,Lanes_or_Medians,Road_allignment,Types_of_Junction,Road_surface_type,Road_surface_conditions,Light_conditions,Weather_conditions,Type_of_collision,Number_of_vehicles_involved,Number_of_casualties,Vehicle_movement,Casualty_class,Sex_of_casualty,Age_band_of_casualty,Casualty_severity,Pedestrian_movement,Cause_of_accident,Hour
1,1,1,1,0,1,0,2,1,6,4,5,1,0,0,3,2,6,-0.059060765005841856,0.44864884805439376,6,0,1,1,2,5,1,9
5,0,1,4,0,3,0,1,1,7,1,5,4,0,0,3,2,6,1.202800394866669,0.708550472472941,2,1,1,0,2,5,11,16
0,2,1,3,0,2,3,2,0,6,3,5,2,2,0,1,2,6,-0.7064128111080928,0.7838699310272788,3,0,1,0,2,5,15,17
6,0,1,4,1,1,5,0,1,8,3,5,0,0,0,3,2,6,-0.059060765005841856,2.434474261401353,2,1,0,1,2,5,7,20
2,1,1,4,0,1,0,1,1,5,4,5,1,1,0,3,2,0,-0.059060765005841856,-0.5442638586190858,1,1,0,0,2,5,9,15
5,0,1,2,0,1,9,2,1,7,4,5,1,0,0,0,2,6,-1.0247361154035481,0.11614241769485112,2,0,1,0,2,5,3,20
3,0,0,4,0,1,4,2,1,6,4,6,1,0,0,0,2,4,-1.0620978428598713,0.376602592674645,2,1,1,0,2,5,9,22
6,0,1,1,0,1,4,2,2,6,4,5,4,0,0,0,2,6,-1.510941766626499,-0.5442638586190858,2,0,1,0,1,5,10,20
3,1,1,2,0,0,0,2,1,6,2,5,1,0,0,3,2,0,-0.059060765005841856,-0.5442638586190858,3,0,1,3,2,5,9,15
1,0,1,1,0,1,0,2,1,4,3,5,1,0,0,3,2,4,-0.059060765005841856,1.5214775832209562,4,0,1,1,2,5,1,9
3,1,1,4,0,1,0,2,1,6,0,5,1,0,0,3,2,6,-0.01290245923620903,-0.5126971060642762,6,0,1,0,2,5,9,15
3,0,1,4,0,2,0,2,0,6,1,5,1,0,0,0,2,2,-0.059060765005841856,2.434474261401353,2,0,1,0,2,5,0,21
1,0,0,4,0,0,0,0,1,8,5,4,5,0,0,1,2,6,-0.22736963991158876,2.0891649274684267,2,0,0,0,2,4,3,18
1,2,1,1,0,0,7,2,1,6,4,5,1,0,0,3,2,6,-0.19818432820222265,-0.09537943216243527,1,0,1,0,2,5,6,10
1,1,1,4,0,1,0,2,1,6,2,5,1,0,0,2,2,6,-0.059060765005841856,0.5904437790405638,5,0,1,1,2,5,6,8
5,0,1,3,0,2,0,2,0,7,2,5,5,0,0,2,2,6,1.2522901135073488,0.4005959619197734,2,1,1,0,2,5,11,16
4,0,0,4,0,2,5,2,1,6,4,5,1,0,0,0,2,1,-1.510941766626499,-0.5442638586190858,0,0,1,0,1,5,5,20
0,0,1,1,0,1,0,2,1,4,5,5,2,0,1,3,2,6,0.7917883999011885,1.2707164240087798,0,0,0,1,2,5,12,13
0,1,1,2,0,1,0,1,1,0,4,5,1,0,0,3,2,4,0.69099247866489,-0.0313172772594435,0,1,0,0,2,5,10,14
5,0,1,4,0,0,5,1,1,8,4,5,0,0,0,2,2,6,-0.44164179499391176,1.9111950593409168,2,1,1,1,2,5,4,20
5,1,1,4,1,1,0,2,1,6,1,5,5,0,1,3,2,4,0.8752585306899323,0.8025990641718215,8,0,1,0,2,5,9,14
2,2,1,1,0,0,7,2,1,6,3,5,1,0,0,3,2,6,-1.2746102380298814,0.10222597758433283,2,0,1,1,2,5,3,9
0,1,1,2,0,2,6,1,1,6,2,5,5,0,0,1,2,3,-0.8007773587320575,1.9488068660441997,4,1,0,3,2,2,7,17
4,0,0,3,0,1,4,2,1,6,4,6,1,0,0,0,2,6,-1.510941766626499,-0.5442638586190858,2,1,1,0,1,5,9,22
2,1,1,2,0,0,9,2,1,6,3,5,1,0,0,3,2,4,-1.510941766626499,-0.5442638586190858,2,0,0,1,1,5,3,10
1,1,1,4,0,1,0,2,1,10,3,5,1,0,0,3,2,6,-1.3544402505544753,-0.43723556652894896,2,1,0,1,2,5,9,13
1,1,1,4,0,1,0,2,1,6,2,5,1,0,0,3,2,6,-0.059060765005841856,0.44864884805439376,4,0,0,1,2,5,7,9
4,0,1,4,0,0,7,2,1,6,3,5,0,0,0,0,2,6,-1.0719602940130972,1.0490703449477947,2,0,0,0,2,5,3,22
5,1,1,4,0,2,0,2,2,6,2,5,2,0,3,1,2,4,-0.8284056789206532,0.3892820084180335,2,0,1,0,1,5,1,12
0,1,1,4,0,2,5,2,1,7,2,5,5,0,0,0,2,3,-1.510941766626499,2.434474261401353,4,1,1,2,2,2,7,17
1,0,1,4,0,1,1,2,1,5,3,5,5,0,0,1,2,6,-0.6079960337305307,1.3082563354496528,2,1,1,0,2,5,0,18
2,0,1,4,0,1,12,2,2,5,1,5,1,0,0,3,2,2,-1.4654088405905024,-0.41970758773270056,2,1,0,3,1,5,2,11
5,0,1,4,0,2,8,1,2,8,4,5,0,0,0,0,2,6,-1.3731467755336029,0.6371193871955114,2,0,0,0,2,5,12,21
2,0,1,4,0,0,0,2,1,2,4,5,5,0,3,3,2,6,-0.059060765005841856,2.434474261401353,2,0,1,2,2,5,11,16
0,1,1,4,0,2,4,2,0,6,4,5,3,0,0,1,2,3,-0.920598453441112,0.26318437757547,5,0,1,0,2,5,0,3
2,0,1,4,0,2,0,1,1,4,2,5,2,0,0,0,2,3,-0.8967486416310371,1.59440519585293,4,1,1,2,2,2,10,0
4,0,1,4,0,1,7,2,1,6,0,5,5,0,2,0,2,5,0.9509414098117279,-0.5442638586190858,2,0,0,0,2,5,10,19
1,1,1,1,0,1,0,2,1,6,4,5,1,0,0,3,2,6,-0.059060765005841856,0.44864884805439376,6,0,1,1,2,5,2,9
1,0,1,3,0,0,0,2,1,1,3,5,3,0,0,3,2,1,-0.059060765005841856,0.5890919259858158,2,0,0,0,2,5,3,8
5,0,1,4,0,2,0,2,1,8,2,5,5,0,0,2,2,6,1.3287487908340372,0.404831653270756,2,1,1,0,2,5,11,16
3,0,1,4,0,1,0,2,1,7,4,5,3,0,3,3,3,4,-0.059060765005841856,2.434474261401353,1,0,1,0,2,5,3,18
6,0,1,1,0,1,4,2,1,7,4,5,2,0,1,0,2,6,-1.510941766626499,-0.5442638586190858,2,0,1,0,1,5,11,20
2,0,1,3,0,1,0,2,1,5,2,5,1,0,0,0,2,6,-0.059060765005841856,1.889239147265944,2,0,1,0,2,5,1,22
3,1,1,4,0,2,6,2,1,6,4,5,1,0,0,0,2,2,-0.059060765005841856,2.434474261401353,2,0,1,0,2,5,3,21
1,0,1,4,0,1,8,2,0,7,0,5,1,0,0,0,2,2,-1.510941766626499,2.0154635692767044,3,0,1,0,2,5,1,1
4,1,1,3,0,2,7,2,1,4,3,5,0,0,0,1,2,2,-0.059060765005841856,2.434474261401353,2,0,1,0,2,5,2,20
3,0,1,4,0,2,11,2,2,6,2,5,2,0,1,3,2,1,-1.024083951404559,0.12164100622528029,2,1,0,1,1,5,3,12
2,0,1,4,0,1,0,1,1,5,3,5,4,0,0,0,2,5,-0.32641702073696877,0.8143281609288782,6,0,1,1,2,4,11,0
5,1,1,1,0,1,7,2,1,6,3,4,1,0,0,2,2,1,-0.059060765005841856,-0.15219149343259275,2,0,1,0,2,5,11,5
2,2,1,4,0,2,2,1,1,5,3,5,1,0,0,0,2,4,-0.28307354392443185,1.5947594644720078,2,1,1,0,2,4,2,2
3,1,1,2,0,0,0,2,1,6,1,5,1,0,0,3,2,0,-0.059060765005841856,-0.2001662860257049,3,0,1,4,2,5,9,15
5,0,1,4,0,1,0,2,1,7,3,5,4,0,0,2,2,1,-0.10354459130978455,0.4182272388940441,2,0,1,0,1,5,2,11
5,1,1,4,0,3,7,2,2,8,2,4,1,0,0,2,2,1,-0.059060765005841856,-0.46408844878017197,2,1,0,2,2,1,9,5
4,0,1,3,0,1,0,2,0,6,4,5,5,0,0,3,2,4,-0.059060765005841856,-0.5442638586190858,2,0,1,0,1,5,0,16
2,1,1,1,0,0,0,2,1,4,4,5,5,0,3,3,2,6,-0.059060765005841856,2.434474261401353,2,0,1,2,2,5,10,15
2,0,1,4,0,1,0,2,0,6,4,5,5,0,0,0,2,5,-0.30160571772059186,0.2827771511169916,3,0,1,2,2,5,0,0
3,1,1,2,0,0,0,2,1,6,2,5,1,0,0,3,2,0,-0.059060765005841856,-0.5442638586190858,3,0,1,3,2,5,9,15
2,0,1,4,0,1,0,2,0,8,4,3,5,0,1,2,2,6,-0.059060765005841856,2.434474261401353,1,0,0,0,2,5,3,18
4,0,1,4,0,1,11,2,3,6,4,5,0,0,0,0,2,6,-0.5768331794851709,-0.19016954308794531,2,0,1,0,2,5,10,21
4,2,1,1,0,1,3,2,1,6,2,5,3,0,2,0,2,6,-0.059060765005841856,0.028056375023374658,2,0,1,0,2,5,0,5
1,1,1,4,0,1,0,2,1,6,1,5,1,0,0,3,2,6,-0.059060765005841856,0.1934784885540864,6,0,1,0,2,5,7,10
2,0,1,4,1,1,9,2,1,6,2,5,1,0,0,3,2,4,-0.5466709848700686,2.093519019760599,2,0,0,1,1,5,1,11
0,0,1,2,0,0,0,0,1,2,4,5,1,0,0,3,2,3,0.5498404598884752,-0.1278483516789532,0,0,0,0,2,5,12,15
0,1,1,1,0,2,0,2,1,6,0,5,1,0,0,2,2,6,-1.4105026697343823,-0.5099197025072312,2,0,1,0,2,5,1,16
5,1,1,4,1,1,0,2,1,6,0,5,5,0,2,3,2,2,0.3999615323301221,1.1276452825522747,8,0,1,0,2,5,9,13
3,0,0,4,0,1,0,2,1,6,4,5,5,0,0,0,2,4,-0.059060765005841856,0.24216728008542743,2,0,1,3,2,5,2,0
6,1,1,2,1,2,7,2,1,3,1,5,0,0,0,3,2,1,-0.059060765005841856,2.434474261401353,2,0,1,0,1,5,0,20
0,1,1,4,0,2,5,2,1,6,4,5,5,0,2,3,2,2,-0.059060765005841856,2.1985986860019553,2,0,0,4,2,5,11,7
2,0,1,4,0,1,0,1,0,6,5,5,2,0,0,0,2,6,-0.059060765005841856,2.434474261401353,2,0,1,2,2,5,3,19
2,0,1,3,0,0,7,2,1,3,1,5,1,0,0,3,2,3,-0.5157957358967536,2.1779789086718573,2,0,1,3,2,5,1,10
6,0,1,2,0,1,4,2,1,6,4,5,1,0,3,0,3,6,-1.510941766626499,-0.5442638586190858,2,0,1,0,1,5,11,20
2,0,1,3,0,3,0,2,1,5,3,5,1,0,0,0,2,6,-0.059060765005841856,2.293407571134937,2,0,0,0,2,5,0,21
3,2,1,1,0,0,6,2,1,6,3,5,2,0,1,1,2,6,-0.866323713279825,-0.5442638586190858,2,0,1,0,2,5,2,7
2,1,1,4,0,1,0,2,1,6,0,5,1,0,0,3,2,6,-0.059060765005841856,-0.3707934776088133,6,0,1,0,2,5,8,13
4,1,1,4,0,2,8,2,1,5,4,5,1,0,2,2,2,5,-0.3474778735931314,0.2514060908183106,2,1,0,0,2,1,0,16
3,0,1,4,0,2,7,1,1,1,2,5,0,0,0,0,2,6,-0.059060765005841856,2.434474261401353,2,0,0,1,2,5,2,21
2,1,1,4,0,2,5,2,1,1,1,5,5,0,3,2,3,1,-0.06005346223140173,2.43243760339418,1,0,1,2,1,5,9,20
3,1,1,4,0,1,5,2,1,2,0,5,5,0,2,2,2,1,-0.44818157082609006,1.6361381881997508,1,0,1,2,2,5,9,20
0,1,1,1,0,1,0,1,1,0,4,5,1,0,0,3,2,4,0.9154391432487704,0.12217735831127685,0,1,0,0,2,5,9,14
3,0,1,4,0,3,0,2,1,6,2,5,1,0,0,0,2,4,-0.059060765005841856,2.434474261401353,2,0,0,0,2,5,0,21
3,0,1,4,0,1,0,2,2,7,4,5,1,0,0,0,2,6,-0.059060765005841856,2.434474261401353,6,0,0,0,2,5,0,21
5,1,1,4,0,2,4,0,1,8,2,5,0,0,0,2,2,5,-0.059060765005841856,2.434474261401353,2,0,0,0,2,5,11,20
3,1,1,3,0,1,0,2,1,6,4,5,1,1,0,3,2,0,-0.059060765005841856,-0.5442638586190858,2,1,1,0,2,5,9,15
0,0,1,1,0,1,0,2,1,4,5,5,2,0,0,3,2,6,0.9388422157248479,1.069582030579638,0,0,0,0,2,5,12,13
3,0,1,4,0,0,0,2,3,8,2,5,5,0,0,0,2,6,-0.2128377425514082,-0.5442638586190858,2,0,1,0,2,5,12,17
5,0,1,4,0,0,7,2,1,6,0,5,5,0,0,0,2,2,-1.4567965175050968,-0.5442638586190858,2,0,0,0,2,5,10,20
4,0,1,2,0,1,0,2,0,6,4,5,5,0,0,3,2,2,-0.059060765005841856,-0.5442638586190858,2,0,1,0,1,5,0,16
5,0,1,4,0,1,0,2,1,6,2,5,1,0,2,0,2,5,-1.3107347195152008,-0.407346218109645,2,0,1,0,1,5,2,11
4,1,1,4,0,2,0,2,1,7,4,5,4,0,3,3,2,1,-0.059060765005841856,1.6639969871353406,2,0,1,0,1,5,1,12
1,0,1,4,0,2,0,2,1,6,4,5,5,0,2,2,2,6,-0.35300499340032565,1.8314063258740776,3,0,1,0,2,5,10,18
3,0,1,4,0,1,0,2,1,6,4,5,1,0,0,0,2,6,-0.059060765005841856,2.434474261401353,4,0,0,0,2,5,1,21
1,0,1,4,0,0,0,2,1,8,2,5,5,0,0,0,2,6,-1.0613204148072446,-0.5442638586190858,2,0,1,0,2,5,12,21
3,1,1,3,0,1,0,2,1,6,4,5,1,1,0,3,2,0,-0.059060765005841856,-0.5442638586190858,2,1,1,0,2,5,9,15
1,1,1,1,0,2,5,2,1,6,0,5,2,0,0,3,2,6,1.0106925713394574,0.44864884805439376,8,0,1,0,2,5,1,12
0,2,1,4,0,2,5,2,1,9,3,5,5,0,0,0,2,4,-1.510941766626499,2.434474261401353,3,0,1,1,2,3,8,17
4,0,1,4,0,1,6,1,1,6,4,5,0,0,0,1,2,3,-0.059060765005841856,2.434474261401353,2,0,1,0,2,5,3,20
2,2,1,1,0,2,0,2,0,6,2,5,5,0,0,2,2,1,-1.510941766626499,-0.5442638586190858,2,0,1,0,2,5,10,20
3,0,1,4,0,1,6,1,1,6,4,5,0,0,0,0,2,2,-0.059060765005841856,2.434474261401353,2,0,1,0,2,5,3,20
2,0,1,3,0,0,0,1,1,8,4,5,0,0,0,0,2,6,-0.059060765005841856,2.3686538919579063,1,0,1,0,2,5,14,21
2,0,1,4,0,1,0,2,1,6,2,5,2,0,0,0,2,6,-0.059060765005841856,2.434474261401353,2,0,1,0,2,5,0,20
0,0,1,2,0,0,0,0,1,2,4,5,1,0,0,3,2,3,0.5256286282547759,-0.14440634455447404,0,0,0,0,2,5,12,15
1,1,1,4,0,1,6,2,1,6,1,5,4,0,0,3,2,6,-0.059060765005841856,-0.5429179411208652,2,0,0,3,2,5,10,8
3,0,1,4,0,1,6,2,2,6,2,5,1,0,1,3,2,6,-0.059060765005841856,2.9338206764688817,2,0,1,1,2,5,1,13
3,0,0,4,0,1,4,2,1,6,4,6,1,0,0,0,2,5,-1.1520498419855267,0.19205341235715023,2,1,1,0,2,5,9,22
6,1,1,3,0,2,4,2,1,3,4,5,1,0,3,0,3,6,-1.510941766626499,-0.5442638586190858,2,0,1,0,1,5,9,20
4,1,1,4,0,1,9,2,1,6,2,5,4,0,0,2,2,6,-0.059060765005841856,0.3289005902447797,2,0,1,0,2,5,9,18
4,0,0,4,0,2,5,2,1,6,3,5,3,0,0,3,2,1,-0.059060765005841856,-0.5442638586190858,2,0,0,3,2,3,7,2
1,2,1,2,0,0,0,1,1,1,4,5,3,0,0,3,2,2,-0.9746694689702664,-0.5442638586190858,1,0,0,0,2,5,10,14
3,0,1,3,0,0,0,1,1,8,4,5,0,0,0,0,2,6,-0.17451392599534998,2.1976058601119757,2,0,1,0,1,5,14,21
4,0,1,4,0,1,10,2,3,7,4,5,0,0,0,0,2,6,-0.802368340727145,-0.035930506177317245,2,0,1,0,2,5,10,21
3,0,0,4,0,1,0,2,1,6,4,5,5,0,0,0,2,5,-0.059060765005841856,0.29493031784900114,2,0,1,3,2,5,1,0
4,0,0,1,0,0,6,2,1,6,2,5,5,0,1,0,2,2,0.31946459690287754,-0.5442638586190858,2,1,1,1,2,5,9,19
5,0,1,4,0,2,0,2,1,8,2,5,5,0,0,2,2,6,0.914708109133957,0.12167741853604747,2,1,1,0,2,5,11,16
4,1,1,0,0,0,3,2,1,6,4,5,1,0,0,3,2,1,-0.673991282518234,-0.5442638586190858,2,0,1,0,2,5,9,8
2,0,1,4,0,1,0,2,1,3,4,5,5,0,3,3,2,6,-0.059060765005841856,2.434474261401353,2,0,1,1,2,5,10,16
2,2,1,1,0,0,0,2,1,2,5,5,5,0,0,3,2,2,-1.3699302156835649,-0.25495882488143273,2,0,1,0,2,5,9,13
2,1,1,0,0,1,1,2,1,6,4,5,1,1,0,3,2,2,-1.510941766626499,-0.5442638586190858,2,0,1,0,2,5,9,12
6,0,1,4,1,1,5,0,1,8,2,5,0,0,0,3,2,6,-0.059060765005841856,2.434474261401353,2,0,0,1,2,5,11,20
4,0,1,4,0,1,7,2,1,6,1,5,5,0,2,0,2,6,1.0429576376569107,-0.3049997455772139,2,0,0,0,2,5,9,18
3,0,1,4,0,0,0,2,1,5,4,5,5,0,0,3,2,1,-0.059060765005841856,-0.03640782804024756,2,0,0,0,2,5,3,9
1,1,1,1,0,0,0,2,1,2,4,5,3,0,1,3,2,6,0.45777048803054277,1.7275729137385893,1,0,1,1,2,5,9,14
3,0,1,4,0,2,7,2,1,2,2,5,0,0,0,0,2,5,-0.059060765005841856,2.434474261401353,2,0,0,0,2,5,3,21
3,1,1,4,0,2,9,2,1,6,4,5,1,0,2,3,2,6,-0.059060765005841856,0.6030253952272006,2,2,0,0,2,1,0,16
3,0,1,2,0,1,3,2,1,1,1,5,1,0,0,3,2,2,-0.059060765005841856,3.427386968074832,2,1,1,2,2,5,0,11
2,1,1,1,0,2,4,2,1,2,2,5,5,0,0,2,2,5,-0.07928912579422498,1.413894002856141,2,0,1,0,2,5,1,17
2,0,1,2,0,0,0,2,0,6,3,5,5,0,0,0,2,6,-1.510941766626499,-0.5442638586190858,2,0,1,0,2,5,11,19
6,0,1,1,0,1,5,2,2,6,3,5,5,0,0,0,2,5,-1.510941766626499,-0.5442638586190858,2,0,1,0,2,5,10,20
2,2,1,1,0,2,2,2,2,8,4,5,1,0,0,3,2,6,-1.510941766626499,-0.5442638586190858,2,0,0,1,2,5,10,14
2,1,1,0,0,0,0,2,1,6,3,5,1,1,0,3,2,0,-1.0093732840117233,-0.5442638586190858,2,0,1,1,2,5,9,12
4,1,1,4,0,2,6,2,2,7,1,5,2,0,0,3,2,2,-0.059060765005841856,-0.5442638586190858,2,1,0,3,2,2,9,6
3,0,1,1,0,2,4,2,1,6,1,2,5,0,0,0,2,6,-1.510941766626499,-0.5442638586190858,3,0,1,0,2,5,9,20
4,1,1,2,0,2,7,2,1,3,2,5,0,0,0,1,2,2,-0.059060765005841856,2.434474261401353,2,0,1,0,2,5,1,20
2,2,1,1,0,2,4,2,1,6,3,3,5,0,0,3,2,6,-1.1623673491049276,-0.06749755615746844,2,0,1,0,2,5,2,14
2,2,1,4,0,1,3,2,1,6,3,5,1,0,0,0,2,4,-0.21209211021798025,1.5462166655881007,2,0,1,0,2,5,1,2
2,1,1,2,0,3,10,0,1,7,2,5,3,0,0,3,2,3,-0.059060765005841856,1.4415615547278733,2,0,0,1,2,5,9,18
2,0,1,4,0,1,0,2,1,6,4,5,4,0,0,1,2,6,-0.059060765005841856,2.434474261401353,2,1,0,0,2,5,0,18
3,1,1,4,0,3,0,2,1,6,1,5,0,0,0,0,2,1,-0.059060765005841856,2.434474261401353,2,0,1,0,1,5,0,20
3,1,1,4,0,1,0,2,1,7,1,5,5,0,3,3,2,1,-0.059060765005841856,1.9933279717712484,4,0,1,0,2,5,9,13
2,0,1,0,0,1,0,0,4,8,3,5,5,0,0,1,2,6,-0.059060765005841856,2.276721119084276,2,0,0,0,2,5,11,17
4,0,1,4,0,1,7,2,1,7,4,5,1,0,0,0,2,3,-1.510941766626499,-0.04296723943153191,1,0,1,0,1,5,3,21
4,1,1,3,0,0,0,2,3,7,2,5,5,0,0,0,2,6,-0.2229686746866837,-0.5442638586190858,2,0,1,0,2,5,12,17
1,0,1,4,0,2,0,2,1,7,2,5,3,0,0,1,2,6,-0.9909581629787219,-0.5442638586190858,6,0,1,0,2,5,9,16
3,0,1,0,1,1,0,1,1,6,4,5,5,0,0,0,2,6,-0.9611980837537301,0.5836126426820836,2,0,0,0,2,5,11,18
1,1,1,4,0,1,6,2,1,6,2,5,3,0,0,3,2,6,-0.059060765005841856,-0.12909659044718796,2,0,0,2,2,5,10,8
1,1,1,4,0,1,6,2,1,6,2,5,3,0,0,3,2,6,-0.059060765005841856,-0.09410270159625389,2,0,0,2,2,5,10,8
1,0,1,4,0,1,0,2,1,6,2,5,2,0,0,1,2,6,-0.059060765005841856,0.44864884805439376,6,0,1,1,2,5,9,4
2,2,1,0,0,0,0,2,1,3,4,5,3,0,0,3,2,1,-1.510941766626499,-0.5442638586190858,2,0,1,0,2,5,9,12
5,1,1,2,0,2,7,2,1,3,2,5,0,0,0,2,2,2,-0.059060765005841856,2.434474261401353,2,0,1,0,2,5,1,20
2,0,1,4,0,0,0,1,1,8,3,5,0,0,0,0,2,6,-0.1647483158168388,2.2176413831827517,2,0,1,0,2,5,14,22
4,1,1,4,0,1,10,2,2,6,2,5,2,0,0,1,2,6,-0.059060765005841856,0.04015075641034238,2,0,1,0,2,5,9,19
1,0,1,4,0,1,2,2,1,4,2,5,5,0,0,0,2,6,-0.9189529450222246,0.6702844876780729,2,1,1,0,2,5,0,19
5,1,1,4,0,2,0,2,1,8,4,5,5,0,1,3,2,1,-0.059060765005841856,1.09521072666975,2,0,1,0,1,5,1,11
0,1,1,1,0,2,0,2,1,0,4,5,1,0,0,3,2,6,1.3928202366148152,0.44864884805439376,0,1,0,0,2,5,10,13
2,1,1,4,0,2,0,2,1,6,3,5,5,0,3,3,2,5,-0.059060765005841856,2.434474261401353,2,0,1,0,2,5,9,17
0,0,1,1,0,2,0,1,1,5,4,5,2,0,0,3,2,6,0.6675342985429972,0.9446575588779684,0,0,0,0,2,5,13,15
2,1,1,4,0,2,13,2,1,6,4,5,1,1,0,2,2,5,-0.059060765005841856,1.5528655900543102,2,1,1,0,2,5,1,20
2,0,1,4,1,2,8,2,1,6,2,5,2,0,0,3,2,6,-0.059060765005841856,1.6768191084209854,2,0,0,1,2,5,11,9
4,1,1,4,0,2,7,2,1,5,4,5,2,0,1,1,2,5,-0.7544690235157164,-0.02692710853528868,2,1,0,0,2,2,1,16
0,1,1,1,0,1,0,2,1,6,4,5,1,0,0,3,2,6,0.09049157593080093,0.44864884805439376,6,0,1,0,2,5,1,9
2,0,1,4,0,1,0,0,0,7,4,5,5,0,0,2,2,6,-0.059060765005841856,1.2584661625673914,2,0,1,0,2,5,1,17
3,0,1,4,0,1,0,2,1,6,3,5,1,0,3,2,3,1,-0.12682837805288383,2.2954394699406953,3,0,1,0,1,5,2,15
3,0,0,4,0,1,1,2,1,6,4,5,5,0,0,1,2,3,-0.059060765005841856,-0.033044787527915065,5,0,1,2,2,5,9,0
2,1,1,2,0,3,0,1,1,8,3,5,5,0,0,3,2,6,-0.020993172505137325,1.415527880987239,1,0,1,0,2,5,11,17
1,0,1,1,0,2,4,2,1,5,0,1,5,0,0,0,2,6,-1.510941766626499,-0.5442638586190858,3,0,1,0,1,5,9,21
5,0,1,1,0,1,6,2,2,5,3,4,1,0,0,3,2,1,-0.059060765005841856,-0.5442638586190858,2,0,1,0,2,5,10,5
4,0,1,2,0,1,0,2,1,6,4,5,5,0,0,3,2,1,-0.059060765005841856,-0.4758724801237121,2,0,1,0,1,5,1,15
2,1,1,2,0,2,0,1,1,7,4,5,5,0,0,3,2,6,-0.059060765005841856,1.4802643629008347,1,0,1,0,2,5,11,18
2,0,1,4,0,2,0,0,1,6,1,5,1,0,3,3,3,6,-0.059060765005841856,2.434474261401353,2,0,1,3,2,5,11,16
2,2,1,3,0,2,0,2,1,10,4,5,1,0,0,3,2,6,-1.510941766626499,-0.5442638586190858,2,1,0,1,2,5,10,14
1,2,1,1,0,1,0,2,1,1,4,5,3,0,0,3,2,3,-0.5055562865352627,-0.20048223423895373,1,0,1,0,2,5,9,13
2,0,1,4,0,1,0,1,0,6,5,5,1,0,0,0,2,6,-0.059060765005841856,2.434474261401353,2,0,1,3,2,5,3,20
5,0,1,4,0,1,0,2,1,8,4,5,5,0,0,3,2,1,-0.059060765005841856,0.5118070286167861,2,0,1,0,1,5,2,11
1,1,1,1,0,1,0,2,1,6,4,5,1,0,0,2,2,6,-0.38004098158104305,0.22913682518711403,5,0,1,0,1,5,1,9
4,0,1,4,0,1,0,2,2,8,2,5,5,0,0,1,2,6,0.6488186719006868,-0.06015910973622818,2,0,1,0,2,5,12,16
2,0,1,4,0,3,6,2,1,1,1,5,5,0,3,1,3,3,-0.8516463195414146,0.8083734982965964,1,0,1,1,1,5,9,20
0,0,1,3,0,1,0,2,0,7,4,5,5,0,0,0,2,6,-1.510941766626499,-0.5442638586190858,6,0,1,0,2,5,10,18
1,1,1,3,0,0,0,2,1,6,2,5,1,0,0,3,2,5,-0.30641373971388897,0.27948903995238417,5,0,1,0,2,5,7,9
3,0,1,4,0,0,10,0,2,7,4,5,1,0,0,0,2,4,-0.7854285931098548,0.9442284793333329,3,1,0,2,2,3,1,21
2,1,1,4,0,1,5,2,1,6,2,5,1,0,0,0,2,3,-0.6486106629879927,1.8447430718571092,2,0,1,0,2,5,1,2
4,1,1,3,0,0,0,2,1,6,0,5,4,0,2,3,2,0,-0.059060765005841856,1.1468616944617447,7,0,1,0,2,5,9,12
0,0,1,2,0,0,0,0,1,2,4,5,1,0,0,3,2,3,0.5200095036595229,-0.1482491527493469,0,0,0,0,2,5,12,15
0,1,1,2,0,1,3,2,1,6,2,5,5,1,0,0,2,5,-1.510941766626499,2.434474261401353,2,0,0,0,2,5,14,17
3,0,1,3,0,2,7,1,1,6,1,5,5,0,2,0,2,6,1.3912221323889147,-0.542078034862574,2,1,0,0,2,5,9,18
3,0,1,4,0,1,8,2,1,6,3,5,1,0,2,3,2,6,-0.059060765005841856,0.48673363883411636,2,1,0,0,2,1,0,15
5,0,1,3,0,1,8,2,2,8,4,5,1,0,0,0,2,6,-1.510941766626499,0.33116196579486723,2,0,1,0,1,5,12,21
3,0,1,4,0,1,0,2,1,6,2,5,1,0,3,3,3,1,-0.059060765005841856,2.434474261401353,3,0,1,1,2,5,3,16
1,0,1,4,1,1,5,2,1,4,1,3,5,0,0,0,2,4,-1.055884935870373,0.38934924537214677,1,0,1,0,2,5,0,19
3,1,1,2,0,3,0,1,1,8,3,5,5,0,0,3,2,6,0.5457815759368615,1.0279218382595299,1,0,1,0,2,5,11,17
4,0,1,2,0,0,2,1,1,8,4,5,0,0,1,0,2,6,-1.0006448342894323,0.5026820847365823,2,0,1,0,1,5,13,20
3,0,1,4,0,1,7,2,1,6,4,5,1,0,0,0,2,3,-0.5083198908909701,1.819995396835408,2,0,1,0,2,5,3,21
3,1,1,4,0,1,8,2,1,6,3,5,5,0,1,3,2,6,-0.059060765005841856,1.2306624205537573,2,0,1,0,2,5,9,16
3,1,1,1,0,1,0,2,0,6,3,5,5,0,0,1,2,3,-1.510941766626499,-0.5442638586190858,2,0,1,0,2,5,10,19
2,0,1,4,0,1,12,0,1,6,1,5,1,0,0,2,2,1,-0.09460319785465053,1.392948020750532,2,0,1,0,2,5,10,20