Day_of_week,Age_band_of_driver,Sex_of_driver,Educational_level,Vehicle_driver_relation,Driving_experience,Type_of_vehicle,Owner_of_vehicle,Service_year_of_vehicle,Area_accident_occured,Lanes_or_Medians,Road_allignment,Types_of_Junction,Road_surface_type,Road_surface_conditions,Light_conditions,Weather_conditions,Type_of_collision,Number_of_vehicles_involved,Number_of_casualties,Vehicle_movement,Casualty_class,Sex_of_casualty,Age_band_of_casualty,Casualty_severity,Pedestrian_movement,Cause_of_accident,Hour
0,0,1,4,0,2,0,2,1,6,4,5,0,0,3,0,2,6,-0.059060765005841856,-0.5442638586190858,2,0,1,2,2,5,3,6
2,2,1,3,0,3,8,2,1,6,2,5,1,0,0,0,2,2,0.3146011520762144,0.7041888441398877,4,0,1,0,2,5,2,0
5,2,1,4,0,1,1,1,1,6,4,6,0,0,3,3,2,6,2.8447012382354724,4.420299674748312,4,1,1,0,2,2,1,11
5,1,1,4,0,1,0,2,1,3,0,5,5,0,0,3,2,5,-0.059060765005841856,-0.5442638586190858,2,0,1,1,2,5,3,16
6,0,1,2,0,2,0,2,3,7,2,5,1,0,0,3,2,6,-0.1870328136251569,0.36113129459696974,5,0,0,0,2,5,10,13
3,0,0,4,0,0,0,2,1,6,1,5,0,1,0,0,2,3,-0.659653879721762,-0.5442638586190858,2,0,1,0,2,5,3,6
5,0,1,4,0,4,0,2,0,6,2,5,0,0,0,3,2,5,-0.059060765005841856,0.20058036447029903,2,1,0,1,2,5,10,15
1,0,1,1,0,1,3,2,1,6,4,5,5,1,0,3,2,6,-0.059060765005841856,0.14422265956884694,2,0,0,1,1,5,3,20
1,0,1,1,0,0,0,2,1,6,3,5,1,0,0,3,2,6,-1.510941766626499,-0.5442638586190858,2,0,0,2,1,5,0,17
2,0,1,3,0,1,7,2,1,6,0,5,1,0,0,0,2,6,-1.1074769202859036,1.717483184792917,2,0,1,0,2,5,1,21
2,0,1,0,0,0,7,2,1,7,3,5,1,0,0,3,2,0,-0.782372343687252,-0.5442638586190858,8,0,1,0,2,5,0,13
2,0,0,4,0,0,4,2,1,6,4,5,5,0,0,3,2,2,-0.059060765005841856,-0.5442638586190858,1,0,1,0,2,5,3,14
0,0,1,1,0,1,0,2,1,6,2,5,5,0,0,3,2,6,-0.059060765005841856,-0.5442638586190858,4,0,1,1,2,5,1,8
4,0,0,4,0,2,7,2,1,6,2,5,1,0,0,0,2,6,-1.510941766626499,-0.40222782487841025,8,0,1,0,2,5,3,1
5,0,0,3,0,2,5,2,1,8,0,5,5,0,0,0,2,6,-1.510941766626499,-0.5442638586190858,2,0,1,0,2,5,10,22
0,1,1,3,0,1,1,2,1,6,2,5,0,0,0,3,2,6,1.3928202366148152,3.427386968074832,2,0,0,1,2,5,11,19
6,0,1,4,0,1,6,2,1,6,2,5,1,0,2,3,2,2,1.0973463248089859,0.24658008264246067,2,0,0,0,2,5,10,7
0,1,1,4,0,1,0,2,1,5,3,5,0,0,0,0,2,6,1.3928202366148152,3.427386968074832,2,0,0,0,2,5,9,19
2,0,1,4,0,3,3,2,1,6,2,5,5,0,2,0,2,6,-0.14582847549908295,0.3893101266429715,2,1,1,3,2,0,9,19
2,0,0,4,0,2,7,2,1,7,2,4,1,0,0,3,2,6,-0.059060765005841856,-0.5442638586190858,2,0,1,0,1,5,14,9
0,0,0,4,0,3,5,2,2,6,4,5,3,0,0,3,2,5,-0.059060765005841856,-0.5442638586190858,2,0,1,0,2,5,10,9
0,0,1,4,0,1,5,2,1,6,4,5,5,0,0,3,2,6,-0.059060765005841856,-0.5442638586190858,2,1,0,0,2,2,2,7
4,1,1,4,0,3,0,2,1,6,1,5,5,0,3,0,2,6,-0.059060765005841856,-0.5442638586190858,2,0,0,0,2,5,0,19
2,0,0,4,0,0,5,2,0,2,2,5,1,0,0,0,2,5,-0.059060765005841856,-0.5442638586190858,2,0,0,0,2,5,1,21
5,3,1,1,1,1,4,2,1,7,4,5,0,0,3,3,2,6,2.8447012382354724,4.420299674748312,2,0,1,0,2,5,1,11
2,0,1,4,0,2,13,2,2,6,5,5,0,0,0,1,2,6,-0.48814684485143034,-0.19452924778735314,2,0,0,0,2,5,6,20
3,1,1,4,0,2,10,2,1,6,1,5,5,0,2,0,2,6,0.14917963972505555,-0.4018523636898622,2,1,0,3,2,5,1,17
3,0,0,2,0,2,8,2,1,6,1,5,0,0,0,1,2,4,-1.510941766626499,-0.5442638586190858,2,2,0,0,2,0,9,18
0,1,1,4,0,0,5,2,2,8,4,5,5,0,0,3,2,6,-0.059060765005841856,-0.5442638586190858,2,0,1,0,2,5,10,20
1,0,1,4,0,4,6,2,1,8,4,5,5,0,1,1,2,1,-0.8941911651524218,0.026865307689476814,2,0,1,0,2,5,11,13
0,0,0,4,0,2,0,2,1,6,2,5,5,0,1,0,2,6,-0.059060765005841856,0.6759215990862251,1,0,1,0,2,5,11,17
2,0,1,4,0,1,8,2,1,6,2,5,1,0,2,0,2,6,-1.510941766626499,-0.5442638586190858,2,0,0,0,2,5,1,18
0,2,1,4,1,2,0,2,3,3,4,5,0,0,0,3,2,2,-0.059060765005841856,-0.5442638586190858,2,0,0,1,2,5,3,18
0,1,1,1,0,3,12,0,3,8,2,5,5,0,0,3,2,6,-0.059060765005841856,-0.5442638586190858,2,0,0,0,2,5,10,16
2,0,1,4,0,2,0,0,0,6,4,4,5,0,0,0,2,6,-0.07594531824240791,0.4371018359808303,2,0,1,1,2,5,8,20
2,0,1,2,0,1,0,2,1,3,3,4,2,0,1,0,2,1,1.3928202366148152,1.4415615547278733,2,0,1,0,2,5,0,0
0,1,1,3,0,1,8,2,1,6,2,5,5,2,0,3,2,6,-0.14361516514939743,-0.5442638586190858,2,0,1,0,2,5,1,11
1,0,1,4,0,3,0,2,1,7,4,5,5,0,2,3,2,6,-0.059060765005841856,-0.2838483518548179,8,0,1,0,2,5,10,13
3,0,1,4,0,1,9,0,1,6,0,5,3,0,0,0,2,6,-1.510941766626499,0.8816287688693554,2,0,1,0,2,5,9,1
0,0,1,4,0,1,0,2,1,6,2,5,5,0,0,3,2,6,-1.0553338884221424,-0.5442638586190858,1,0,1,0,2,5,2,16
0,1,1,3,0,3,0,2,1,6,3,5,1,0,0,3,2,6,-1.434812569713998,-0.5442638586190858,2,0,0,0,2,5,10,15
5,2,1,4,1,2,3,1,1,6,1,5,5,0,0,3,2,6,-0.059060765005841856,-0.5442638586190858,2,0,1,0,2,5,5,13
0,0,1,4,0,3,0,0,1,10,4,5,1,0,0,0,2,5,-0.059060765005841856,0.18226307771180372,1,0,1,0,2,5,1,16
6,0,0,4,0,2,13,2,2,7,4,5,5,0,3,1,2,4,-0.059060765005841856,-0.5442638586190858,2,0,1,0,2,5,9,16
0,0,1,4,0,1,7,2,1,6,2,5,5,0,0,3,2,6,-1.1065190898484663,-0.5442638586190858,3,0,1,1,2,5,11,16
1,0,1,3,0,2,0,2,1,6,1,5,1,0,0,3,2,1,-1.4256857591114631,-0.42765406334325173,2,0,1,0,2,5,9,16
5,0,1,4,1,2,2,2,1,5,4,5,5,0,0,3,2,5,-0.2309121528015261,-0.5442638586190858,2,0,0,0,2,5,0,13
2,0,1,2,0,2,0,2,1,2,3,5,1,0,0,3,2,6,-0.10317537401063626,1.892764244938745,8,1,0,1,2,5,10,17
5,1,1,1,0,2,7,0,3,11,2,5,0,0,0,3,2,2,-0.059060765005841856,-0.5442638586190858,2,0,1,1,2,5,0,7
4,0,1,2,0,1,0,2,1,6,3,5,5,0,0,3,2,1,-0.6947744783835071,-0.10951182101085055,2,0,1,0,2,5,1,7
4,0,1,1,0,1,0,2,1,4,1,5,0,0,1,0,2,6,-0.059060765005841856,-0.10013786739968467,2,0,1,0,2,5,1,17
1,1,1,4,0,0,0,2,1,6,1,5,5,0,0,3,2,6,-1.510941766626499,-0.5442638586190858,8,1,0,0,1,0,11,16
4,0,1,4,0,2,14,2,1,7,2,5,1,0,0,3,2,6,1.3928202366148152,-0.4190201751848145,7,0,0,0,2,5,9,18
4,2,1,4,0,4,12,2,1,6,2,5,5,0,1,0,2,6,-0.8278805603764549,-0.5442638586190858,2,0,0,0,2,5,9,19
4,0,0,4,0,2,6,2,2,6,2,5,0,0,2,3,2,6,-0.059060765005841856,-0.5442638586190858,2,0,1,0,2,5,2,13
0,0,1,4,0,2,13,2,1,6,1,5,5,0,0,3,2,6,-0.059060765005841856,-0.5442638586190858,2,0,1,2,2,5,12,12
3,2,1,1,0,1,0,2,1,4,1,5,0,0,3,0,2,6,-1.1085372723751605,0.44864884805439376,2,0,1,2,2,5,2,17
0,1,1,4,0,3,0,2,1,5,2,5,0,0,0,3,2,6,1.2984868915312893,-0.5120075039688444,2,0,1,0,2,5,0,8
2,1,1,3,0,2,14,2,1,3,2,5,5,0,0,1,2,1,-1.510941766626499,-0.5442638586190858,2,0,1,0,2,5,3,17
4,0,1,4,0,2,5,2,1,6,3,5,1,0,0,1,2,6,-1.510941766626499,0.44864884805439376,7,0,1,0,2,5,0,22
2,1,1,4,0,1,0,2,0,6,4,5,0,0,0,3,2,6,-0.10433812328558933,-0.5442638586190858,2,0,1,0,2,5,0,17
0,0,1,4,0,2,0,2,1,6,2,5,3,0,0,1,2,1,-1.510941766626499,-0.032132530742135845,2,1,0,0,2,2,9,16
0,0,1,4,1,2,0,2,1,6,2,5,5,0,0,3,2,6,1.3004785194621062,-0.5442638586190858,2,0,1,0,2,5,1,15
0,0,1,4,0,1,10,2,1,6,2,5,5,0,0,3,2,2,-0.20915032194700567,-0.5442638586190858,4,0,1,0,2,5,10,11
0,2,1,2,0,0,5,2,1,7,2,5,5,0,0,3,2,6,-0.059060765005841856,0.29087121672004623,2,0,1,1,2,5,10,9
0,2,1,4,0,1,0,2,1,7,2,5,5,0,0,1,2,1,-1.506367302333214,-0.5411354729470116,2,0,0,0,2,5,11,22
3,0,1,2,0,2,5,2,1,6,3,5,5,0,1,3,2,3,0.7680131585585123,0.021355642668321462,6,0,0,0,2,5,9,19
6,0,1,4,0,3,6,2,1,8,4,5,1,0,3,0,2,5,1.3928202366148152,-0.5442638586190858,2,0,1,0,2,5,9,19
3,0,1,3,0,3,10,2,1,6,2,5,1,0,0,3,2,6,-0.19458906972515977,-0.5442638586190858,2,0,1,1,1,5,9,16
1,0,1,4,0,1,0,2,1,7,4,5,0,0,0,0,2,6,0.21860004890926427,1.8213350347498145,2,1,0,0,2,5,9,21
4,1,1,1,0,1,0,2,1,7,2,5,5,0,1,3,2,6,0.4992906870304954,0.06680333117138026,2,0,1,0,2,5,4,16
6,1,1,4,0,1,0,2,2,6,1,5,5,0,1,2,2,6,-0.9218927020747165,-0.5442638586190858,2,0,0,0,2,5,15,9
0,1,1,4,0,0,12,1,1,1,2,5,0,0,3,3,2,2,2.8447012382354724,4.420299674748312,0,0,1,2,1,5,10,11
5,2,1,4,0,3,0,2,2,0,5,3,1,0,0,3,2,5,-1.510941766626499,-0.5442638586190858,2,0,1,0,2,5,12,14
5,0,1,3,0,2,0,2,1,4,4,5,3,0,0,3,2,6,-0.7407812608073987,-0.28091508845394725,2,2,1,4,1,0,3,8
4,0,1,1,0,1,0,2,1,5,0,5,0,0,0,3,2,6,-0.059060765005841856,-0.5442638586190858,2,1,0,0,2,5,10,16
5,1,1,3,0,1,10,0,3,10,2,5,0,0,0,3,2,6,-0.059060765005841856,-0.5442638586190858,2,0,0,0,2,5,0,7
1,0,0,4,0,1,0,2,0,8,4,3,5,0,0,3,2,4,-0.4482333838987384,-0.5442638586190858,2,0,1,0,2,5,9,13
4,0,1,4,0,3,0,1,1,6,0,5,1,0,0,3,2,5,-0.33278978610990806,-0.35706599396203964,2,0,1,0,2,5,12,16
5,0,1,1,0,3,5,2,2,6,2,2,5,0,0,3,2,2,-0.059060765005841856,-0.5442638586190858,2,0,0,0,2,5,0,16
3,0,1,4,0,2,5,2,1,6,4,5,5,0,1,1,2,6,-0.7296540955767754,-0.5442638586190858,1,0,1,3,2,5,9,19
5,2,1,4,0,0,8,2,1,6,3,5,0,0,3,3,2,6,2.8447012382354724,4.420299674748312,2,0,0,2,1,5,10,11
0,2,0,4,0,1,0,2,1,7,1,5,5,0,0,0,2,0,-1.4151655197153328,-0.413264895963825,2,0,1,0,2,5,10,22
3,1,1,4,0,0,0,2,1,6,3,5,4,0,0,3,2,2,-0.059060765005841856,-0.5442638586190858,2,0,1,0,2,5,11,10
0,0,1,4,0,0,7,2,1,8,2,5,1,0,1,3,2,6,-0.059060765005841856,0.7623097957603688,2,0,1,0,2,5,13,11
6,1,1,4,0,3,0,2,1,6,2,5,1,0,0,3,2,6,-0.3147422628416463,-0.5442638586190858,2,0,1,0,2,5,10,6
0,0,1,4,0,2,0,2,1,6,2,5,5,0,0,3,2,6,1.3928202366148152,0.15570028903941568,2,0,1,0,2,5,0,15
4,1,1,2,0,1,5,2,1,6,2,5,5,0,0,3,2,1,-0.10414980474236546,-0.5442638586190858,2,2,0,3,1,1,0,12
3,0,1,1,0,1,7,2,3,6,2,2,1,0,0,3,2,6,-1.510941766626499,-0.5442638586190858,2,0,1,0,1,5,3,12
3,1,0,1,0,0,6,2,1,6,2,5,5,0,0,3,2,6,-1.4015550332432785,0.3738414241701591,2,0,1,1,2,5,3,17
4,0,1,4,0,0,1,0,1,6,0,5,5,1,0,3,2,6,-0.059060765005841856,-0.5442638586190858,2,0,1,0,2,5,10,17
4,1,1,3,0,1,0,2,1,7,3,5,5,0,0,3,2,6,-0.059060765005841856,-0.5442638586190858,2,0,1,0,2,5,3,13
3,0,1,3,0,3,8,2,1,6,3,5,1,0,0,3,2,6,-0.7440905674131325,-0.5442638586190858,2,0,0,1,2,5,9,16
5,0,1,4,0,0,2,2,1,6,2,5,1,0,3,3,2,1,-0.24326501369253117,0.3226752049389488,2,0,1,0,2,5,11,5
5,0,1,2,0,0,2,2,1,8,4,1,1,0,0,3,2,6,1.3928202366148152,1.4415615547278733,2,0,0,0,2,5,13,18
2,1,1,4,0,1,12,2,1,3,2,5,1,0,3,3,2,6,-1.510941766626499,-0.5442638586190858,2,0,1,0,2,5,2,8
3,0,1,4,0,2,0,2,1,1,2,5,5,0,0,3,2,6,-0.059060765005841856,-0.5442638586190858,2,1,0,0,2,3,10,14
3,0,1,0,0,2,4,0,1,2,0,5,0,0,0,0,2,6,-0.059060765005841856,-0.5442638586190858,2,0,1,3,2,5,9,20
2,0,1,0,0,1,7,2,2,7,2,5,5,0,0,3,2,6,-1.510941766626499,-0.5442638586190858,2,0,0,0,2,5,9,16
3,2,1,4,0,1,11,2,1,3,3,5,1,0,1,3,2,6,-0.7724140846171366,-0.5442638586190858,2,0,0,0,2,5,10,13
2,0,0,4,0,2,0,2,0,6,4,4,5,0,0,0,2,6,-0.059060765005841856,-0.5442638586190858,2,0,1,0,2,5,4,23
0,1,1,4,0,0,4,2,1,6,2,6,5,0,0,3,2,6,-0.6160154427474284,0.0677585574909374,4,0,1,0,2,5,1,13
2,0,1,1,0,2,0,2,1,8,0,5,0,0,0,0,2,6,-0.8948040843799603,0.02728447102897097,2,0,0,0,2,5,1,0
6,0,0,4,0,1,0,2,0,5,4,5,5,0,3,0,2,2,-0.059060765005841856,-0.5442638586190858,2,0,1,0,2,5,1,16
6,1,1,2,0,3,3,2,1,4,1,5,1,0,1,3,2,6,0.5161850033949479,0.44864884805439376,2,2,1,4,1,0,3,8
2,0,1,1,0,1,1,2,0,6,2,5,5,0,3,0,3,6,-1.510941766626499,0.15184127526477492,2,0,1,0,2,5,9,2
5,0,1,4,0,1,0,2,1,1,2,5,3,0,0,3,2,1,-0.059060765005841856,-0.5442638586190858,2,0,1,0,2,5,12,13
1,0,1,4,0,0,5,2,0,3,3,4,5,0,0,0,2,2,-0.3751349670232961,-0.5442638586190858,2,1,0,3,2,5,1,22
1,1,1,4,0,1,0,1,1,6,4,5,5,0,0,0,3,6,-0.059060765005841856,-0.5105261336352457,2,0,1,0,2,5,8,19
4,3,1,3,0,3,0,2,1,6,1,5,1,0,0,2,2,2,-1.510941766626499,2.434474261401353,2,0,0,0,1,5,10,23
4,1,1,4,0,0,0,2,1,6,2,5,5,0,0,3,2,6,1.3928202366148152,-0.5442638586190858,2,0,0,2,2,5,0,7
4,1,1,4,0,2,0,0,1,6,2,5,5,2,0,3,2,1,-0.09657587787348004,-0.5442638586190858,2,0,0,0,2,5,0,16
0,0,1,4,0,3,12,2,1,6,2,5,4,0,3,0,3,6,-0.38105819589323964,1.2213538791074665,6,0,0,0,1,5,3,21
4,1,1,4,0,0,9,2,1,6,1,5,1,0,0,3,2,6,-0.059060765005841856,-0.5442638586190858,2,0,1,0,2,5,11,8
6,1,1,4,1,2,6,2,1,11,2,5,5,0,0,3,2,2,-0.059060765005841856,-0.5442638586190858,5,0,1,3,2,5,3,18
0,1,1,1,0,0,4,2,1,6,2,3,1,0,0,3,2,6,-0.059060765005841856,-0.5442638586190858,2,0,0,0,2,5,9,10
2,0,1,1,0,3,7,0,1,6,1,5,5,1,0,3,2,6,-0.8220922086517268,-0.022441742934871,2,0,1,0,2,5,9,7
2,1,1,1,0,3,6,2,1,5,3,5,1,0,0,3,2,5,-0.059060765005841856,-0.5442638586190858,2,0,0,0,2,5,2,11
2,2,1,4,0,3,5,2,1,6,2,5,1,0,2,3,2,6,-1.3878713974344632,2.181978085924095,2,0,0,0,2,5,12,17
1,2,1,3,0,2,5,2,1,6,4,5,5,0,0,3,2,2,0.22024358017896883,0.02876829701946404,2,0,1,0,2,5,3,11
2,0,1,3,0,2,5,2,1,6,4,5,5,0,0,3,2,6,0.6045262529186646,-0.09044981921411566,2,0,0,0,2,5,15,13
5,3,1,3,0,3,0,2,1,7,3,5,5,0,0,3,2,6,-0.059060765005841856,-0.5442638586190858,2,0,1,0,2,5,7,13
5,1,1,4,0,0,0,0,2,8,4,5,1,0,0,3,2,6,-1.2997154919962535,-0.39981038631001675,2,0,1,0,2,5,10,9
4,0,1,4,0,2,0,2,1,6,4,5,5,0,0,3,2,6,-0.5190521455871153,0.13406983901054093,2,0,1,0,1,5,0,8
5,0,0,4,0,1,5,1,1,8,0,5,4,0,0,0,2,6,-1.4349606853511419,-0.49230189962872767,2,0,1,0,2,5,10,22
0,0,1,3,0,0,8,2,1,3,4,5,4,0,2,0,2,6,-0.059060765005841856,-0.5442638586190858,2,0,1,0,1,5,10,3
4,0,1,4,0,2,5,2,1,6,1,5,5,0,0,2,2,6,-0.28336068370221223,-0.5442638586190858,2,0,1,1,2,5,2,15
3,0,1,4,0,1,0,2,1,6,2,3,5,0,0,0,2,6,-0.059060765005841856,-0.5442638586190858,2,0,0,1,2,5,0,2
6,0,1,4,0,3,4,2,1,6,2,5,2,0,0,0,2,6,-0.7973118160919643,0.9366862594934614,6,0,1,0,2,5,1,20
2,0,1,3,0,1,5,1,2,6,2,5,5,0,2,0,2,1,0.7165287270594111,0.9790591647224995,2,1,1,0,1,1,1,1
0,0,1,0,0,1,6,2,0,5,2,5,1,0,0,0,2,1,-0.059060765005841856,-0.5442638586190858,2,1,0,3,2,5,0,23
0,1,1,4,0,2,7,2,1,4,3,5,5,0,0,3,2,6,-0.059060765005841856,-0.5442638586190858,2,1,1,0,1,4,3,9
5,0,1,4,0,2,0,2,1,6,1,4,5,0,0,3,2,6,1.3648877512164959,-0.5442638586190858,2,0,1,0,2,5,3,8
0,0,1,1,0,1,13,2,1,5,4,5,0,0,0,3,2,5,-0.059060765005841856,-0.5442638586190858,2,0,1,0,2,5,3,8
4,1,1,4,0,3,5,2,1,2,3,5,5,0,0,3,2,6,-0.059060765005841856,-0.5442638586190858,2,0,1,0,2,5,10,9
4,1,1,4,0,1,10,2,1,6,1,5,5,0,0,3,2,1,-1.510941766626499,0.2383517737871156,1,0,1,0,2,5,0,8
1,0,1,4,0,2,0,2,3,11,4,5,5,0,0,3,2,6,-0.36026833498822985,-0.5442638586190858,2,0,0,0,2,5,15,19
4,0,1,4,0,2,5,2,1,8,2,5,5,0,3,0,5,6,-1.2395746138462924,-0.5442638586190858,2,0,1,0,2,5,3,19
1,0,1,4,0,1,13,2,3,2,2,4,1,0,0,3,2,6,-1.4141596261347749,-0.3457016824503286,2,0,0,3,2,5,11,14
0,0,1,4,0,2,0,1,1,7,3,5,1,0,2,0,2,6,-0.06115030258182519,-0.5428348651905957,2,0,1,1,2,5,3,5
3,1,1,3,0,2,9,2,1,6,2,5,1,0,0,0,2,2,-0.09509240281625664,0.44864884805439376,5,0,1,0,2,5,3,0
2,0,1,4,0,4,7,2,1,6,0,5,1,0,0,3,2,6,-0.059060765005841856,-0.5442638586190858,2,0,0,1,2,4,11,14
3,1,1,4,0,0,0,2,1,8,2,5,1,0,1,3,2,6,-0.4500034148874237,2.434474261401353,2,0,0,1,2,5,9,18
3,2,1,3,0,3,0,2,1,6,2,5,1,0,0,3,2,6,2.614745733307422,-0.5442638586190858,2,0,1,0,2,5,4,18
2,0,1,4,0,2,10,2,1,6,1,5,1,0,1,3,2,6,-0.059060765005841856,-0.5442638586190858,2,0,1,0,2,5,10,6
0,1,1,3,1,1,0,2,1,6,1,5,5,0,0,3,2,1,1.250000487553279,-0.5442638586190858,1,0,1,0,2,5,10,15
5,0,1,2,0,1,0,0,1,8,2,5,0,0,0,3,2,6,-0.1662197658168032,-0.47097993698854645,2,0,1,0,2,5,0,8
2,0,1,4,0,3,4,2,1,7,2,5,5,0,0,3,2,1,-0.059060765005841856,-0.5442638586190858,2,0,1,0,2,5,1,13
1,1,1,4,0,2,7,2,1,6,3,5,5,0,0,3,2,6,-0.16855027062064454,-0.5442638586190858,2,0,1,0,1,5,3,9
1,0,1,3,0,2,0,2,1,6,4,5,1,0,0,3,2,5,-0.42255184805965074,-0.5442638586190858,2,1,0,3,2,5,0,16
1,0,0,2,0,2,1,2,1,5,3,5,2,0,3,0,3,0,-0.059060765005841856,0.11241799136833053,2,0,1,0,2,5,9,22
2,0,0,2,0,1,0,2,1,6,4,5,2,0,3,0,2,6,-0.059060765005841856,-0.5442638586190858,2,0,1,0,2,5,11,18
1,0,1,4,0,2,5,2,1,2,5,5,5,0,0,1,2,6,-0.059060765005841856,-0.5442638586190858,2,0,1,0,2,5,9,18
2,0,1,2,0,0,10,2,2,4,4,5,5,0,3,0,4,0,-0.629689030613407,0.6610787808967491,2,0,1,0,2,5,0,21
6,1,1,4,0,0,7,2,1,1,4,3,0,2,0,3,2,6,-0.3327401200880076,-0.5442638586190858,2,0,0,0,2,5,4,14
3,0,1,4,0,1,4,2,1,6,2,5,5,0,3,0,2,1,-1.510941766626499,-0.5442638586190858,2,0,1,0,2,5,3,19
5,1,1,0,0,1,0,2,1,6,2,5,1,0,0,3,2,6,-0.10649645941880492,-0.5442638586190858,2,0,1,0,2,5,10,7
2,0,1,4,0,0,7,2,2,6,1,5,1,0,0,3,2,3,-0.059060765005841856,-0.5442638586190858,2,0,1,0,2,5,0,13
2,1,1,3,1,2,13,2,1,6,4,5,1,0,0,0,2,6,-0.7774891632435379,1.9328805296638518,2,0,0,1,2,5,0,22
2,0,1,4,0,2,0,2,1,6,4,5,1,0,3,0,2,6,-1.3859114218488298,0.36314306768331767,3,0,1,1,2,5,0,3
1,0,1,4,0,2,0,2,1,6,3,5,5,0,0,0,2,2,-0.6991418777982192,-0.10652504291461162,2,0,0,0,2,3,9,17
0,0,1,4,0,1,13,2,1,5,3,6,0,0,1,3,2,6,-0.059060765005841856,-0.5442638586190858,2,0,0,0,2,5,3,12
6,2,1,1,0,1,0,2,0,4,1,5,5,0,0,3,2,2,-0.059060765005841856,-0.5442638586190858,2,0,1,2,2,5,10,14
5,2,1,4,0,1,0,2,1,6,2,5,2,0,0,3,2,6,0.10916516404577181,0.009715687858430633,2,0,0,0,2,5,10,7
0,1,1,4,0,1,1,2,1,6,1,5,1,0,0,3,2,5,-1.0258615697089384,-0.5442638586190858,8,0,1,0,2,5,10,13
4,0,1,4,0,1,1,2,1,6,2,5,3,0,0,3,2,2,-0.059060765005841856,-0.06948365877067275,2,2,1,1,1,1,0,8
5,0,1,4,0,2,8,0,1,6,2,5,1,0,3,0,2,1,-0.3077805696368754,-0.5442638586190858,2,0,1,0,2,5,10,17
0,1,1,4,0,1,0,2,0,6,3,5,0,0,0,3,2,6,-0.059060765005841856,1.4246908188285898,2,0,1,0,2,5,16,5
3,1,1,4,0,2,3,2,1,6,3,5,5,0,0,3,2,0,-0.40605163786238596,-0.5442638586190858,2,0,1,0,2,5,0,12
0,0,0,3,0,1,0,2,3,5,2,5,5,1,0,3,2,6,-0.059060765005841856,-0.5442638586190858,1,0,1,0,2,5,1,15
0,2,1,4,0,3,9,2,1,6,4,5,5,0,0,3,2,4,-0.059060765005841856,0.08495844090842836,2,0,1,0,2,5,10,13
5,1,1,0,0,2,0,2,1,6,2,5,1,0,0,2,2,6,-0.13591744416122428,-0.5442638586190858,2,0,1,0,2,5,9,7
2,0,1,4,0,2,0,2,3,6,3,5,5,0,0,3,2,6,0.681202657411792,0.9549003642486316,2,0,0,0,2,5,0,15
2,0,1,1,0,2,4,0,1,8,2,5,1,0,3,3,5,6,-0.059060765005841856,1.3970544019920115,2,1,1,3,2,5,3,14
3,0,0,4,0,2,0,2,1,6,4,5,1,0,0,0,2,6,-1.1622702268532576,-0.5442638586190858,2,1,1,2,1,5,9,1
4,0,1,4,0,1,6,2,2,3,1,3,5,0,0,3,2,6,5.748463241476786,0.44864884805439376,2,0,1,0,2,5,9,8
1,2,1,4,0,0,0,2,1,3,1,5,5,0,0,3,2,6,-1.510941766626499,0.2661386944375317,2,0,0,0,2,5,5,20
4,0,0,2,0,2,0,2,1,5,2,5,5,0,0,3,2,6,-0.6732991699934542,-0.5442638586190858,2,0,1,0,2,5,1,6
5,0,1,0,0,0,4,2,1,8,4,1,1,0,0,3,2,6,1.3928202366148152,1.4415615547278733,2,0,0,0,2,5,14,19
4,1,1,4,0,3,5,2,2,6,2,7,5,0,0,3,2,6,-0.5762119844097612,-0.5442638586190858,2,0,1,0,2,5,13,16
0,0,1,2,0,3,3,2,2,6,4,5,1,0,3,3,3,6,-0.059060765005841856,0.44864884805439376,2,0,0,1,2,5,1,11
4,0,1,2,0,1,7,2,1,6,1,5,3,0,3,3,6,1,-0.059060765005841856,0.3292690012460957,3,0,0,0,2,3,15,16
2,0,1,4,0,0,5,2,1,2,5,5,1,0,0,3,2,3,-0.059060765005841856,0.06492525727956988,2,0,1,1,2,5,0,16
4,1,1,4,0,2,0,2,1,2,2,5,2,0,0,3,2,6,-0.6692131778088581,0.03137767844521533,2,0,1,0,2,5,1,7
4,1,1,2,0,3,3,2,1,4,2,5,5,0,0,3,2,6,-0.694823655341613,-0.5442638586190858,2,0,0,0,2,5,13,19
0,1,1,4,0,0,4,2,1,6,2,5,5,0,0,3,2,6,-0.059060765005841856,0.44282568521404897,5,0,1,0,2,5,0,13
0,0,1,1,0,2,4,2,1,6,0,5,5,0,0,3,2,5,1.278833250167282,2.200613923440795,2,0,1,2,2,5,10,9
0,0,0,3,0,1,8,1,1,5,4,5,1,0,2,3,2,6,-1.3385426111158882,-0.5442638586190858,2,0,1,4,2,4,10,10
6,0,1,4,0,2,0,2,0,6,0,5,1,0,0,0,2,2,-1.3978707419394316,0.3713218102027659,1,0,1,1,1,5,1,21
4,1,1,4,0,0,8,2,1,6,2,5,5,0,0,3,2,6,-0.059060765005841856,-0.5442638586190858,2,0,0,0,2,5,4,17
4,0,1,3,0,2,0,2,0,6,4,4,5,0,0,2,2,6,-0.059060765005841856,-0.5442638586190858,2,0,0,0,2,5,10,7
2,0,1,4,0,2,0,2,1,6,1,0,5,0,0,3,2,3,-0.059060765005841856,-0.5442638586190858,2,0,1,2,2,5,2,8
0,0,1,4,0,2,0,2,1,1,1,5,0,0,3,0,2,6,-0.059060765005841856,-0.5442638586190858,2,0,1,0,2,5,0,6