Day_of_week,Age_band_of_driver,Sex_of_driver,Educational_level,Vehicle_driver_relation,Driving_experience,Type_of_vehicle,Owner_of_vehicle,Service_year_of_vehicle,Area_accident_occured,Lanes_or_Medians,Road_allignment,Types_of_Junction,Road_surface_type,Road_surface_conditions,Light_conditions,Weather_conditions,Type_of_collision,Number_of_vehicles_involved,Number_of_casualties,Vehicle_movement,Casualty_class,Sex_of_casualty,Age_band_of_casualty,Casualty_severity,Pedestrian_movement,Cause_of_accident,Hour
4,0,1,4,0,1,7,2,1,6,0,5,1,0,3,0,2,6,-1.510941766626499,-0.5073975003209734,2,1,0,3,1,5,2,20
0,1,1,4,0,1,0,2,1,5,2,5,0,0,0,3,2,6,-0.059060765005841856,-0.5442638586190858,2,0,1,1,2,5,4,11
0,1,1,4,0,0,6,2,1,7,1,5,0,0,0,3,2,6,-0.059060765005841856,-0.5442638586190858,2,0,1,0,2,5,7,14
4,0,1,4,0,1,4,2,1,6,1,5,0,0,0,3,2,0,0.7734501619334296,-0.5442638586190858,4,0,1,2,2,5,10,8
6,2,1,4,0,2,0,2,1,5,4,5,1,0,2,3,2,5,-0.1637404707379806,0.377060467301246,2,0,1,0,2,5,9,10
3,0,1,4,0,1,8,2,2,6,1,3,1,0,0,0,2,6,-1.510941766626499,1.271156034752882,2,0,1,0,2,5,12,1
4,0,1,3,0,2,12,2,0,9,2,5,0,0,0,3,2,6,-0.059060765005841856,0.1279591597121631,2,1,1,0,2,5,16,16
0,0,1,4,1,2,0,2,0,7,3,3,5,0,0,3,2,6,-0.059060765005841856,-0.5442638586190858,2,1,1,0,2,5,9,17
4,0,1,4,0,2,0,2,3,6,5,3,1,0,3,2,3,6,-1.1296290144451926,-0.5442638586190858,2,0,1,1,2,5,10,17
4,0,1,1,0,1,0,2,1,4,3,5,5,0,0,3,2,2,-0.7785824422462423,0.44864884805439376,2,0,1,0,2,5,1,9
4,0,0,3,0,0,8,2,1,6,2,5,5,0,0,3,2,6,-1.1393320275108898,-0.5442638586190858,2,0,1,0,1,5,0,9
3,2,1,4,0,0,2,1,1,6,2,5,1,0,3,0,2,6,-0.780327360066947,0.9483015931085111,2,0,1,0,2,5,9,17
0,0,1,4,0,1,0,0,1,7,4,5,0,0,0,0,2,6,-0.1574930640870325,-0.4769479557346879,2,0,0,1,2,5,4,0
2,0,0,4,0,2,5,2,1,6,3,5,5,0,0,3,2,1,-0.059060765005841856,-0.5442638586190858,3,0,1,0,2,5,1,14
4,1,1,3,0,2,0,0,1,6,2,5,0,0,0,3,2,0,-1.510941766626499,-0.5442638586190858,1,0,0,0,2,5,1,16
4,1,1,4,0,2,8,2,2,6,2,5,1,0,3,0,3,6,-1.510941766626499,0.44864884805439376,7,1,0,3,1,5,3,21
5,1,1,4,0,2,1,1,1,1,4,3,1,0,1,3,2,1,0.42858869306204506,0.7821426693645163,2,0,1,0,2,5,0,10
0,0,1,4,0,1,8,0,0,6,3,5,5,0,0,3,2,6,0.15409888344258937,-0.5442638586190858,2,0,1,0,2,5,12,16
4,1,1,4,0,3,0,2,1,6,3,5,5,0,0,3,2,6,-0.22004626587262588,0.33855404743202977,2,0,0,0,1,5,1,7
0,0,1,4,0,1,0,0,1,7,4,5,0,0,0,0,2,6,-0.28377483664870495,-0.390586348648589,2,0,0,1,2,5,4,0
2,0,1,2,0,0,5,2,0,6,2,5,0,0,0,0,2,4,-1.510941766626499,-0.02255575100460372,2,0,1,0,2,5,0,1
4,0,1,3,0,3,2,2,1,8,1,5,1,0,0,0,2,6,0.4970257623376626,-0.23795579511910414,2,0,1,0,2,5,2,0
2,0,1,1,0,2,0,2,0,7,1,5,1,0,0,0,2,6,-1.510941766626499,0.44864884805439376,2,0,1,0,2,5,1,0
3,0,1,4,0,1,8,2,2,8,2,5,2,0,0,0,2,6,-1.510941766626499,0.9493578365069681,2,0,1,0,2,5,10,1
3,0,1,4,0,1,4,2,1,6,0,5,5,0,3,0,2,6,0.938017437755492,-0.23323321801285785,2,2,0,2,2,0,10,19
3,0,0,1,0,1,0,2,2,6,4,5,1,0,2,0,2,6,-0.41670821943076386,-0.5442638586190858,2,0,1,0,1,5,9,0
3,1,1,2,0,0,13,2,1,7,1,5,0,0,3,3,2,6,-0.059060765005841856,-0.5442638586190858,2,0,0,0,2,5,3,13
4,1,1,4,0,1,0,2,1,6,2,5,1,0,0,3,2,2,-0.6231617573336781,0.06287133426076025,2,1,0,3,0,2,0,9
1,0,1,4,0,2,0,1,1,5,4,5,5,0,0,3,2,6,-1.3159936931467375,-0.5442638586190858,2,0,0,0,2,5,6,15
0,0,0,4,0,2,0,2,1,6,2,5,5,0,0,2,2,6,-0.059060765005841856,0.002985261424789165,1,0,1,0,2,5,11,17
0,0,1,2,0,0,1,2,1,8,3,5,2,0,0,0,2,1,-0.059060765005841856,-0.5442638586190858,2,0,1,0,2,5,12,22
5,0,1,4,0,0,0,2,1,6,3,5,1,0,0,3,2,6,-1.510941766626499,-0.5442638586190858,2,0,1,0,2,5,9,6
3,0,1,1,0,2,0,2,1,2,2,5,1,0,1,3,2,6,-0.994118022799698,0.09520330962295476,6,1,0,0,2,5,10,15
1,0,1,1,0,2,11,0,1,3,2,5,5,0,0,3,0,2,-1.098456349881589,-0.5442638586190858,2,0,1,0,2,5,2,8
5,1,1,4,0,2,4,2,1,6,0,5,4,0,0,3,2,6,-1.255281074871908,-0.5442638586190858,7,0,0,0,2,5,11,14
4,1,1,4,0,2,4,1,1,6,0,5,5,0,0,3,2,6,-1.1382917000911488,0.22028017589747328,8,0,0,0,2,5,12,13
4,2,0,4,0,4,13,2,2,6,2,5,5,0,3,0,2,6,-0.059060765005841856,-0.5442638586190858,2,0,0,0,2,5,10,17
1,2,1,4,0,0,1,2,1,6,1,5,1,0,0,3,2,5,-0.8515446451358062,-0.5442638586190858,8,0,1,0,2,5,11,13
4,1,1,1,0,2,4,2,1,6,2,5,1,0,1,0,2,6,-0.9507197664692963,0.06552410030082112,2,0,1,0,2,5,2,19
4,2,1,4,0,4,0,2,1,6,2,5,1,0,0,1,2,6,-0.007017738089505787,-0.5442638586190858,2,1,1,0,2,5,1,18
5,1,1,4,0,2,11,0,2,9,2,5,0,0,0,3,2,6,-0.059060765005841856,-0.5442638586190858,2,0,1,0,2,5,1,7
2,2,1,4,0,2,13,2,1,6,2,5,1,0,0,3,2,6,-0.059060765005841856,-0.5442638586190858,2,0,0,0,2,5,1,16
0,0,1,4,0,1,7,2,1,5,5,3,1,0,0,3,2,6,-1.510941766626499,-0.5442638586190858,3,0,0,0,2,5,10,14
1,2,0,2,0,3,5,1,2,6,4,5,5,0,0,2,2,1,-0.6532376619572807,0.6747736320630464,2,0,0,0,2,5,2,14
4,1,1,2,0,3,3,2,1,4,2,5,5,0,0,3,2,6,-0.6407372127938314,-0.5442638586190858,2,0,0,0,2,5,13,19
0,0,1,4,0,1,0,2,3,8,0,5,0,0,1,3,2,3,-0.6670489875454543,-0.12847273593509895,2,0,1,0,1,5,0,7
2,0,1,4,0,2,9,2,1,6,1,5,5,1,0,3,2,2,-0.059060765005841856,-0.5442638586190858,2,0,0,0,2,5,16,10
4,3,1,4,0,1,0,2,1,6,3,5,1,0,3,3,2,6,-0.13736445740083503,0.39509850124797263,2,0,1,0,2,5,1,5
5,0,1,4,0,1,0,0,1,6,0,5,5,0,0,3,2,2,-0.7609777017388818,-0.5442638586190858,0,0,1,1,2,5,8,18
0,2,1,4,0,1,7,2,1,6,5,4,1,0,1,0,2,3,0.6875231985916308,-0.5442638586190858,1,0,1,1,2,5,10,3
0,0,1,4,0,0,6,2,1,7,2,5,1,0,2,3,2,6,-0.059060765005841856,1.1445827173887728,2,0,1,0,2,5,11,12
4,0,1,4,0,1,7,2,2,2,2,3,5,0,0,3,2,6,5.748463241476786,0.44864884805439376,2,0,1,0,2,5,9,8
2,0,0,4,0,2,0,2,1,6,2,5,4,0,0,0,2,6,-1.510941766626499,1.1961681625048268,2,0,1,0,1,5,9,0
5,1,0,1,0,2,5,2,1,7,4,5,5,0,0,3,2,6,-0.059060765005841856,-0.5442638586190858,2,0,0,3,2,5,2,17
0,0,1,4,0,1,11,2,2,5,1,5,0,0,1,3,2,6,-0.9442845106380762,-0.5442638586190858,6,0,1,3,1,5,1,8
2,2,1,1,1,2,3,2,1,6,2,5,1,0,0,0,2,5,-0.34433019517767477,1.8492038947660536,2,0,0,1,2,5,10,21
1,0,1,4,0,1,0,2,2,2,4,4,5,0,0,3,2,4,-0.059060765005841856,-0.5442638586190858,7,0,1,0,2,5,0,14
2,0,1,4,0,3,6,2,1,6,0,5,1,0,0,3,2,6,-0.059060765005841856,-0.5442638586190858,2,0,0,1,2,5,11,15
3,0,1,2,0,1,9,2,1,6,2,5,1,0,0,0,2,6,-1.510941766626499,0.49051471004049385,2,0,0,0,2,5,4,0
2,0,1,0,0,1,5,2,0,5,3,5,5,0,0,3,2,6,-0.27013890822310715,-0.5442638586190858,2,0,1,0,2,5,0,15
2,1,1,0,0,3,8,2,1,6,2,5,5,0,0,0,2,6,1.3928202366148152,0.21978759522543173,7,1,0,1,2,5,1,17
0,0,0,2,0,3,7,2,1,6,3,5,1,0,0,0,2,6,2.3691139593186494,0.10622561240735151,2,0,0,2,2,5,11,2
3,0,1,0,1,2,0,2,1,7,1,5,0,2,0,2,2,1,-0.059060765005841856,-0.5442638586190858,2,0,1,1,2,5,9,7
0,1,1,4,0,1,0,0,1,6,2,5,2,0,0,0,2,6,-0.059060765005841856,-0.5442638586190858,2,0,1,0,2,5,9,18
1,1,1,4,0,0,0,2,1,6,2,5,5,0,0,3,2,2,-0.059060765005841856,-0.5442638586190858,2,0,1,3,2,5,11,12
4,1,1,1,0,0,0,2,1,4,2,5,5,2,0,1,2,4,-0.536195309413353,0.12234596826861632,2,0,1,0,2,5,10,20
4,0,1,2,1,3,0,2,1,6,2,5,5,1,0,3,2,6,-0.8186241435690893,-0.5442638586190858,2,0,1,1,2,5,1,18
1,0,0,4,0,1,0,2,1,7,5,5,1,0,2,3,2,6,-1.3637775523229616,-0.3429784665153335,2,0,1,0,2,5,10,15
4,0,1,4,0,1,5,2,1,6,2,5,1,0,0,3,2,6,-1.0335845362628062,-0.38103627346524116,2,1,1,1,2,5,1,4
3,0,1,4,0,1,7,2,1,6,2,5,5,0,2,0,2,6,0.8240001085408357,1.247059136022123,2,0,1,0,2,5,10,1
0,1,1,1,0,2,0,2,0,6,2,5,0,0,0,2,2,1,-1.2088939159342889,-0.1311347541801695,2,0,1,0,2,5,10,17
1,0,1,4,0,0,13,2,1,6,2,5,5,0,0,3,2,6,1.2081682842272952,-0.5442638586190858,2,0,1,0,2,5,1,16
3,1,1,2,0,1,8,2,1,2,1,5,5,1,0,3,2,6,-0.9322812010709711,-0.5442638586190858,2,0,1,0,2,5,11,17
2,0,1,1,0,1,5,2,1,6,4,5,5,1,0,3,2,6,-0.059060765005841856,0.27970212858795024,2,0,0,0,2,5,2,19
5,0,1,0,1,1,5,2,1,9,4,5,0,0,3,3,2,6,2.8447012382354724,4.420299674748312,2,0,1,0,2,5,1,11
0,1,1,4,0,2,0,2,1,6,3,5,0,0,0,0,2,6,1.010618116629038,2.9046260241299606,8,0,0,0,2,5,10,18
4,1,1,4,0,2,10,2,1,1,2,5,3,0,0,3,2,2,-0.059060765005841856,-0.10364533548803234,1,0,0,0,2,5,10,7
0,0,1,4,0,1,5,2,2,3,4,3,5,0,1,1,2,6,-0.6563804806879143,-0.13576871680974378,2,0,1,1,2,5,1,5
3,0,1,3,0,0,0,2,0,8,2,5,5,0,0,0,2,2,-0.13494651387707046,-0.5442638586190858,2,0,0,0,1,4,3,11
4,0,1,4,0,3,0,2,0,6,0,5,1,0,0,3,2,6,-0.059060765005841856,-0.4187893389357731,2,0,1,0,2,5,11,15
0,1,1,4,0,1,4,2,0,6,4,5,0,0,2,3,2,6,-0.059060765005841856,-0.4920210314337057,2,0,1,0,2,5,17,8
4,0,1,1,1,2,0,2,3,6,4,6,0,0,0,3,2,6,-0.059060765005841856,-0.3152598221004501,6,0,0,0,2,5,10,9
0,1,1,4,0,0,13,2,1,6,2,5,1,0,3,3,2,6,-0.059060765005841856,-0.3187475040358986,2,1,0,0,2,5,2,12
3,1,1,2,0,2,6,2,0,6,0,5,1,0,3,3,2,6,-1.0187977706954228,-0.5442638586190858,2,0,1,0,2,5,11,5
6,1,0,0,0,0,5,1,1,6,4,6,5,0,2,3,2,1,0.9773459172312733,0.3065815124559702,2,0,0,0,2,5,9,16
0,0,1,4,0,2,0,2,1,5,4,5,5,0,0,3,2,5,-1.3046137745606823,-0.5442638586190858,2,0,1,0,2,5,7,14
4,1,1,4,0,0,0,2,1,3,2,5,5,0,0,3,2,2,-0.059060765005841856,-0.5442638586190858,2,0,1,0,2,5,10,12
1,0,1,2,0,3,0,2,1,6,2,5,0,0,0,0,3,6,-1.0156404092178923,0.44864884805439376,2,0,1,0,2,5,1,22
4,1,1,4,1,1,13,2,1,6,3,5,3,0,0,3,2,6,-0.059060765005841856,-0.5442638586190858,2,0,1,0,2,5,2,16
0,0,1,4,0,3,11,2,2,6,2,6,5,0,0,3,2,5,1.3928202366148152,1.497648593306184,2,0,1,0,2,5,10,15
4,0,1,4,0,3,0,0,1,8,0,5,1,0,0,3,2,3,-0.791070894054512,-0.043656606554484445,2,0,1,0,2,5,12,16
2,0,1,1,0,2,4,0,1,8,2,5,1,0,3,3,5,6,-0.059060765005841856,1.1756971772647098,2,1,1,3,2,5,3,13
0,0,1,4,0,1,0,2,1,6,0,5,0,0,0,2,2,6,-0.059060765005841856,-0.5442638586190858,2,0,0,0,1,5,10,3
2,1,1,4,0,1,8,0,1,8,2,5,5,0,0,3,2,6,-1.0291795737528389,-0.5442638586190858,2,0,1,0,2,5,11,20
2,2,1,4,0,1,0,2,1,6,4,5,1,0,2,3,2,1,-1.359673336048316,-0.5442638586190858,2,0,1,0,2,5,12,8
3,2,1,4,0,0,0,1,1,6,2,5,1,0,2,0,2,6,-0.059060765005841856,1.326804284494326,2,0,1,0,2,5,9,17
3,0,1,1,0,2,0,2,1,6,4,5,5,0,3,3,0,6,-0.263272676053708,-0.5442638586190858,2,0,1,0,2,5,0,12
4,1,1,4,0,0,14,2,1,6,2,5,0,0,0,3,2,6,-0.6881083514897783,-0.5442638586190858,3,0,1,0,2,5,10,19
4,0,1,4,0,1,5,0,1,6,2,5,4,0,0,3,2,5,0.5758201524378853,-0.11008135368188215,2,0,1,0,2,5,1,7
0,0,1,1,0,2,8,2,2,9,3,5,2,0,0,3,2,1,-0.059060765005841856,0.6401844479949353,2,0,0,0,2,5,1,5
0,1,0,4,0,1,0,0,1,7,2,5,5,0,0,3,2,1,1.1939609820641195,-0.5442638586190858,2,0,1,0,1,5,2,17
2,0,0,1,1,1,2,2,1,6,4,5,1,0,3,0,2,6,-0.059060765005841856,-0.5442638586190858,2,0,1,0,2,5,13,19
1,1,1,3,0,1,3,2,1,5,5,3,1,0,0,3,2,1,-1.510941766626499,-0.5442638586190858,2,0,1,0,2,5,2,8
3,0,1,4,0,0,0,2,2,8,4,5,5,0,0,1,2,6,-0.059060765005841856,-0.5442638586190858,2,0,1,0,2,5,3,12
1,0,0,3,0,0,0,2,2,2,5,5,4,0,0,3,2,6,-0.059060765005841856,-0.5442638586190858,8,0,0,0,2,5,0,13
6,2,1,3,0,2,4,2,1,6,3,5,5,0,0,3,2,1,-1.1359726520143683,-0.5442638586190858,2,0,0,0,2,5,11,16
4,0,1,1,1,3,0,2,1,4,4,5,5,0,0,3,2,2,-0.059060765005841856,-0.028729847524110008,3,0,1,0,2,5,0,9
6,0,0,4,0,3,0,2,0,6,2,5,5,0,0,0,2,2,-0.059060765005841856,-0.5442638586190858,2,0,1,0,1,5,1,17
0,0,1,3,0,2,5,1,2,2,4,5,5,0,3,0,3,6,-1.0559954694283498,0.07799369394597777,3,0,1,0,2,5,10,22
1,0,1,1,0,2,9,1,0,5,3,5,0,0,0,3,2,6,-0.2893918547835852,-0.5442638586190858,2,0,1,0,2,5,14,17
5,1,1,4,0,2,0,2,1,7,4,5,5,0,0,3,2,6,0.7905108780817578,-0.13235639873203958,2,0,1,0,1,5,0,6
0,0,0,3,0,2,6,2,1,6,4,5,5,0,0,3,2,6,-0.059060765005841856,-0.5442638586190858,2,1,0,0,1,5,2,9
0,1,1,1,0,1,0,2,1,9,4,5,5,0,0,0,2,6,-0.11787526359071263,-0.5040417860688138,2,0,1,0,2,5,1,17
5,0,1,1,0,0,0,2,0,6,2,5,5,0,0,3,2,2,-1.332489355806685,0.32660877311593517,2,0,1,0,2,5,3,8
2,2,1,4,0,2,3,2,1,5,4,3,1,0,0,3,2,1,-1.2161074307780186,-0.5442638586190858,2,0,1,0,2,5,3,9
0,1,1,4,0,1,6,2,1,6,3,5,5,0,1,3,2,6,-0.6426471279195377,-0.5442638586190858,2,1,0,0,2,2,3,7
3,0,1,2,0,1,9,2,1,6,2,5,1,0,0,0,2,5,-1.2869816860649916,0.44864884805439376,2,0,1,0,2,5,4,0
5,1,1,1,0,2,6,2,1,6,2,5,5,0,1,3,2,6,-1.0082046659812893,-0.5442638586190858,2,0,1,0,2,5,10,10
4,1,1,4,0,2,0,2,1,6,3,5,5,0,0,3,2,5,-0.059060765005841856,-0.20133285304486814,2,0,0,3,1,5,8,9
3,0,1,3,0,0,0,1,1,8,3,5,0,0,0,3,2,6,-0.059060765005841856,-0.5442638586190858,2,0,1,0,2,5,0,8
3,0,1,4,0,4,0,2,0,6,2,5,5,0,1,3,2,6,-0.059060765005841856,-0.13337905974769326,2,0,0,0,2,5,9,15
1,0,0,4,0,2,9,2,1,4,3,5,1,0,3,3,2,6,-0.9922689400587068,-0.5442638586190858,0,0,0,0,2,5,10,14
3,0,1,4,0,2,7,2,1,7,2,5,3,0,3,3,2,6,-0.059060765005841856,-0.5442638586190858,2,0,1,0,2,5,1,11
4,0,1,4,0,3,0,0,1,9,0,5,1,0,0,3,2,3,-1.0140128549466343,0.10880899191632387,2,0,1,0,2,5,12,16
5,0,0,4,0,0,5,2,1,6,1,5,5,0,3,0,3,6,-1.510941766626499,-0.5442638586190858,2,0,1,0,2,5,0,17
0,1,1,4,0,2,0,2,1,6,1,6,5,0,0,2,2,6,-1.5004939992675255,-0.5371188371224799,2,1,1,0,2,5,3,17
4,0,0,4,0,1,5,2,1,6,2,5,1,0,0,3,2,6,-1.3262879784579562,-0.5442638586190858,2,1,0,0,2,5,0,4
5,0,1,4,0,1,7,2,1,4,2,5,5,0,0,3,2,2,0.04598047898368886,-0.5442638586190858,1,2,0,0,1,5,9,16
3,0,1,4,0,1,10,1,1,8,4,5,5,0,0,3,2,1,-1.3345828691192738,-0.5442638586190858,0,0,1,4,2,4,0,8
5,0,1,4,0,1,5,2,1,4,1,5,0,0,3,3,2,6,2.8447012382354724,4.420299674748312,2,0,0,0,2,5,7,11
3,1,1,2,0,1,7,2,1,6,2,5,5,0,3,3,2,6,-0.059060765005841856,-0.5442638586190858,2,0,1,1,1,5,0,10
5,1,1,1,0,0,7,2,1,5,4,5,1,0,0,3,2,2,-0.059060765005841856,-0.21758988906907506,2,0,0,1,2,5,0,14
5,1,1,4,0,3,11,2,1,6,0,5,5,0,1,3,2,6,-0.059060765005841856,-0.5442638586190858,2,0,0,0,2,5,10,9
1,0,1,1,0,1,10,2,0,8,4,5,5,0,0,3,2,6,-0.43961760935535565,0.18839354755496635,2,0,1,0,2,5,3,19
4,2,1,2,0,1,5,2,1,4,2,5,1,0,3,3,2,6,-0.059060765005841856,0.1080360957543432,2,0,0,0,2,5,1,5
0,0,1,2,0,2,0,0,1,6,2,5,5,0,0,3,2,6,0.7965321276452199,0.44864884805439376,2,0,1,0,2,5,11,16
0,0,1,0,0,1,0,2,1,9,5,5,0,0,0,3,2,6,0.9868976389715653,-0.2666614210391529,2,0,1,0,2,5,11,16
4,0,1,2,0,2,0,2,2,6,4,4,1,0,1,3,2,6,-1.510941766626499,-0.5442638586190858,2,1,1,0,2,5,10,17
3,0,1,4,0,1,7,2,1,6,4,5,1,0,2,3,2,5,-0.059060765005841856,-0.5442638586190858,2,1,0,0,2,5,1,7
4,1,1,4,0,1,0,2,1,6,2,5,1,0,0,3,2,2,-0.11986611316075084,0.40706527285138383,2,1,0,3,0,1,0,8
4,0,1,4,0,2,0,2,0,6,4,5,1,0,3,1,3,6,-0.7894561051524549,-0.5442638586190858,2,0,0,0,2,5,12,11
3,0,1,4,0,2,10,2,1,6,3,5,5,0,1,0,2,6,-1.510941766626499,-0.1314353683302495,4,0,1,0,2,5,9,0
5,0,1,1,0,2,0,1,1,6,2,5,1,0,0,0,2,6,-0.17492524479667226,-0.5442638586190858,2,0,1,0,2,5,1,18
1,2,1,3,0,0,4,1,1,6,2,1,4,0,0,3,2,6,-0.059060765005841856,2.2880438931662814,2,0,0,0,2,5,7,12
0,1,1,4,0,3,5,2,1,6,5,6,0,0,0,3,2,2,-0.8917139168106145,-0.5442638586190858,2,0,1,0,2,5,10,9
0,0,1,4,0,2,0,2,2,6,2,5,5,2,0,3,2,6,-0.059060765005841856,-0.5442638586190858,2,0,1,0,1,5,1,15
6,0,1,2,0,1,0,2,0,6,3,5,5,0,0,3,2,2,0.2921895072157254,-0.5442638586190858,2,0,1,0,2,5,3,7
1,0,1,4,0,3,13,2,1,6,3,5,0,0,0,0,2,6,-0.059060765005841856,1.19589975660124,2,0,1,3,2,5,1,21
1,0,1,1,0,2,0,2,2,6,1,5,5,0,0,3,2,6,-0.08670952913727278,-0.5442638586190858,2,0,1,0,2,5,12,11
1,0,1,1,0,2,0,2,1,8,4,5,0,0,3,3,2,6,0.7178273170587395,2.2385091497622387,1,0,1,2,2,5,1,16
2,0,1,4,0,1,6,2,1,6,1,5,0,0,0,0,2,1,0.03805087843899346,-0.5442638586190858,2,0,1,0,2,5,10,19
1,2,1,4,0,1,1,2,1,6,4,7,0,0,0,3,2,1,-0.5567689673817718,-0.5442638586190858,2,0,1,0,2,5,11,10
2,1,1,4,0,4,4,2,1,6,3,5,5,0,0,3,2,1,-0.059060765005841856,-0.5442638586190858,2,0,0,1,2,5,2,14
0,0,1,4,0,3,0,0,1,1,2,5,0,0,0,3,2,6,0.006101130144321204,-0.36601213244235187,2,1,1,3,2,1,9,19
1,1,1,1,0,2,3,2,0,6,2,5,5,0,0,3,2,6,-0.059060765005841856,4.420299674748312,2,0,1,0,2,5,11,12
5,1,0,4,0,2,8,0,0,4,1,5,1,0,3,0,2,4,-1.510941766626499,-0.5442638586190858,2,0,0,2,2,5,11,17
5,2,1,4,0,3,0,1,1,2,0,5,1,0,0,3,2,5,-1.4688419444162848,0.41985761215106876,2,0,1,0,2,5,9,18
0,2,1,4,0,1,0,1,1,6,3,5,0,0,0,0,2,6,0.9424773429739957,2.1954645695946757,2,0,0,0,2,5,10,19
4,0,0,4,0,0,6,1,1,6,2,5,5,0,0,3,2,5,-0.8113714122860548,-0.5442638586190858,2,0,1,0,2,5,0,8
1,0,1,1,0,2,13,2,1,6,2,5,5,0,0,3,2,6,0.121473839029284,-0.17387172150733454,2,0,1,0,2,5,10,16
0,0,0,0,0,0,8,1,1,3,4,6,1,0,0,3,2,6,-0.37015793412629194,-0.5442638586190858,2,2,1,3,2,1,9,8
5,1,1,4,0,2,0,2,1,6,4,6,5,0,0,3,2,6,1.3928202366148152,1.3134943225546156,7,0,1,0,2,5,4,8
3,0,1,0,0,0,7,2,1,6,4,5,1,0,0,3,2,1,-0.059060765005841856,0.025959494318047338,4,0,0,0,2,5,1,12
0,0,1,4,0,0,5,2,2,6,2,5,1,0,0,3,2,6,-0.6078289832525161,-0.5442638586190858,2,0,1,0,2,5,9,13
3,0,0,1,0,0,5,2,1,8,1,5,1,0,0,1,2,6,1.4094945043906297,-0.5442638586190858,2,0,1,0,2,5,15,18
0,0,0,2,0,0,0,2,1,7,3,5,1,0,0,0,2,1,-0.32460670333628716,-0.5442638586190858,2,0,1,0,2,5,11,23
4,0,0,0,0,0,5,2,1,8,4,1,1,0,0,2,2,6,1.1910215848790582,1.1655493398502783,2,0,0,0,2,5,15,19
0,1,1,4,0,0,6,2,1,7,1,5,0,0,0,3,2,6,-0.059060765005841856,-0.5442638586190858,2,0,1,0,2,5,7,14
0,1,1,4,0,3,0,2,2,10,3,5,5,0,0,2,2,6,-0.059060765005841856,-0.5442638586190858,2,0,1,0,2,5,15,19
4,0,1,2,0,1,7,2,1,6,2,5,1,0,0,0,2,6,-1.510941766626499,0.44864884805439376,3,0,1,0,2,5,4,0
5,0,1,4,0,3,1,2,1,6,2,5,5,0,0,1,2,6,-0.059060765005841856,-0.1292271247593046,6,0,0,1,2,5,12,19
2,0,1,1,0,2,6,2,1,2,2,5,5,0,0,3,2,6,-1.510941766626499,-0.5442638586190858,1,0,1,0,2,5,9,16
0,1,1,2,0,1,0,2,1,6,2,5,0,0,0,1,2,6,1.3928202366148152,3.427386968074832,2,0,1,0,2,5,10,19
4,0,0,1,0,0,0,2,1,6,2,5,5,0,0,3,2,3,-1.0024398802130752,0.1008944633467404,2,0,1,0,2,5,2,8
6,0,1,4,0,3,3,2,1,6,4,5,5,0,0,3,2,5,-0.059060765005841856,-0.5442638586190858,2,0,0,0,2,5,0,15
5,0,1,2,0,2,13,2,1,6,2,0,5,0,0,3,2,6,-0.25357632873450825,-0.5442638586190858,2,0,1,0,2,5,9,7
2,0,1,1,0,0,6,2,2,7,2,5,0,0,0,3,2,6,-1.510941766626499,-0.5442638586190858,2,2,0,0,2,0,9,16
5,1,1,3,0,0,7,2,1,1,4,3,0,2,0,3,1,6,-0.06539035631984719,-0.5442638586190858,2,0,1,0,2,5,4,14
0,2,1,4,0,1,0,2,1,6,1,5,0,0,0,0,2,1,1.3928202366148152,3.427386968074832,2,0,1,0,2,5,0,20
5,0,1,4,0,3,0,2,1,7,3,5,1,0,0,0,2,6,-1.347599152974315,-0.5442638586190858,2,1,1,0,2,3,1,17
1,1,1,4,0,0,12,2,3,2,2,4,1,0,0,3,2,6,-1.3731811555218334,-0.4500521008426281,2,0,1,3,2,5,11,15
1,0,1,1,0,1,2,2,3,7,4,5,0,0,2,3,2,2,0.9093327807915986,0.11800133777756106,2,0,0,0,2,5,5,7
5,0,1,2,0,4,0,2,0,6,2,5,1,0,0,3,2,6,-0.6014345585519711,0.07773013586137095,2,2,1,0,2,6,10,15
0,2,1,4,0,2,0,2,3,2,3,5,0,0,0,3,2,1,-0.059060765005841856,-0.5442638586190858,2,0,1,0,2,5,2,17
5,0,1,1,0,0,5,2,1,8,3,5,0,1,3,3,2,6,2.8447012382354724,4.420299674748312,2,0,1,0,2,5,0,11
0,0,0,4,0,0,13,2,1,6,2,6,2,0,3,0,3,1,-1.510941766626499,-0.5442638586190858,2,0,1,0,2,5,3,18
4,1,1,3,0,3,0,2,1,0,4,5,4,0,0,0,2,6,1.2935824597189154,-0.5442638586190858,2,1,1,3,2,5,2,21
0,1,1,3,1,1,6,0,1,6,2,5,1,0,2,3,2,6,-0.5231575213231764,-0.5442638586190858,2,0,1,0,2,5,10,9
0,0,1,4,0,4,0,2,1,8,4,4,1,0,0,0,2,5,-0.059060765005841856,-0.3560402897388171,2,0,1,0,2,5,3,14
5,3,1,1,0,2,9,2,1,6,2,6,0,0,2,0,2,1,-0.059060765005841856,-0.5442638586190858,1,1,1,1,2,5,10,19
2,0,0,2,1,1,0,2,1,6,4,5,2,0,3,0,2,6,0.3403940156736378,-0.5442638586190858,2,0,1,0,2,5,12,19
3,3,1,1,0,1,0,2,1,6,2,5,1,0,0,3,2,6,1.3928202366148152,0.3549667674023467,2,0,1,2,2,5,3,19
0,1,1,4,0,0,0,2,1,4,4,5,5,0,3,2,2,5,-0.059060765005841856,0.13987978369053633,2,0,1,0,2,5,9,16