Day_of_week,Age_band_of_driver,Sex_of_driver,Educational_level,Vehicle_driver_relation,Driving_experience,Type_of_vehicle,Owner_of_vehicle,Service_year_of_vehicle,Area_accident_occured,Lanes_or_Medians,Road_allignment,Types_of_Junction,Road_surface_type,Road_surface_conditions,Light_conditions,Weather_conditions,Type_of_collision,Number_of_vehicles_involved,Number_of_casualties,Vehicle_movement,Casualty_class,Sex_of_casualty,Age_band_of_casualty,Casualty_severity,Pedestrian_movement,Cause_of_accident,Hour
4,1,1,4,0,1,5,2,1,6,4,5,1,0,3,3,2,2,-0.059060765005841856,-0.5442638586190858,2,0,0,2,2,5,0,7
3,0,1,4,0,2,5,2,1,6,4,5,5,0,1,1,2,6,-0.6776179437045206,-0.5442638586190858,1,0,1,3,2,5,9,19
3,0,1,1,0,0,7,2,1,6,3,5,1,0,0,3,2,2,-0.059060765005841856,0.3126483825234233,2,0,0,0,2,5,2,12
1,0,1,2,0,0,7,2,0,4,4,5,5,0,1,0,2,0,-0.059060765005841856,0.4856195321919722,2,0,0,1,2,5,1,22
1,0,1,4,0,2,7,2,1,6,4,5,1,0,0,3,2,6,-0.059060765005841856,-0.5442638586190858,2,0,1,0,1,5,1,10
0,1,1,3,0,2,5,2,1,8,4,5,5,0,0,3,2,5,-0.6971053301918432,-0.1079177975507416,3,0,1,0,2,5,2,22
4,0,1,1,0,1,7,2,1,6,3,5,0,0,0,3,2,2,0.4230710082155153,0.11892846230092069,2,0,0,1,2,5,3,12
5,1,1,0,0,1,8,2,1,6,2,5,0,0,0,2,2,1,-0.059060765005841856,0.29480518059768257,2,1,1,2,1,0,9,17
4,1,1,4,0,1,13,2,1,6,2,5,1,0,2,3,2,6,-1.2917578445623579,-0.5442638586190858,2,0,1,0,2,5,1,7
5,1,1,1,1,1,5,2,1,6,3,5,5,0,0,3,2,6,0.6355198132484187,0.40575598624070675,2,0,0,0,2,5,1,17
3,0,1,3,0,2,4,2,1,5,2,5,5,0,3,0,2,1,-1.510941766626499,-0.47801316063541976,3,0,1,0,2,5,4,19
3,1,1,4,0,2,5,2,2,3,3,4,5,0,0,3,2,0,-1.2293008150317268,-0.15904650368998752,2,0,0,0,1,5,10,10
5,0,1,4,1,3,0,2,1,6,4,5,2,2,3,0,2,4,-0.059060765005841856,0.14379664078510257,2,0,1,0,2,5,3,18
4,0,1,1,0,3,4,2,1,6,2,5,1,0,0,0,2,6,-0.059060765005841856,-0.5442638586190858,2,0,0,0,2,5,1,17
0,2,1,4,0,2,0,2,1,6,0,5,5,0,0,3,2,6,-0.8897930178857449,-0.5442638586190858,2,0,1,0,2,5,10,11
5,0,1,4,0,0,0,0,2,7,4,5,1,0,0,3,2,6,-1.510941766626499,-0.5442638586190858,2,0,1,0,2,5,9,8
0,2,1,4,0,2,0,2,1,6,2,4,0,0,0,0,2,1,1.3928202366148152,3.427386968074832,2,0,1,0,2,5,1,20
0,0,0,1,0,1,0,2,2,4,3,5,5,0,0,3,2,6,0.19441440553299755,-0.5442638586190858,0,0,1,0,2,5,1,16
3,1,1,1,0,1,7,2,1,6,3,5,1,0,0,3,2,1,-0.059060765005841856,0.1646161878902172,2,0,0,1,2,5,3,11
0,1,1,2,0,2,13,2,1,6,2,5,5,0,0,3,2,6,-0.8094462490185894,-0.5442638586190858,2,0,0,1,2,5,3,14
0,0,0,4,0,1,3,2,1,9,3,6,0,0,0,0,2,6,1.3928202366148152,3.427386968074832,2,0,1,0,2,5,12,19
0,0,1,4,0,4,3,2,2,6,4,5,1,0,0,3,2,4,-0.36375930285864827,-0.5442638586190858,2,0,1,0,2,5,9,9
2,0,1,1,0,0,5,1,1,1,4,3,1,0,0,3,2,6,-0.059060765005841856,0.8467082222738445,2,0,1,0,2,5,10,13
5,1,1,3,0,3,5,2,1,8,4,5,0,0,3,3,2,6,2.8447012382354724,4.420299674748312,2,0,1,0,2,5,1,11
1,0,0,4,0,2,0,2,1,7,3,5,5,0,0,3,2,4,-1.510941766626499,-0.48650835186636254,2,0,1,0,2,5,10,14
2,0,0,2,0,1,5,2,1,3,1,5,1,0,0,0,2,6,-0.9704858946031685,0.7023473875485322,2,1,0,0,2,1,0,21
1,1,1,4,0,2,6,2,1,6,4,5,5,0,0,3,2,4,-0.059060765005841856,-0.5442638586190858,2,0,1,0,1,5,3,10
1,0,0,1,0,2,0,2,1,6,4,5,3,0,3,0,2,6,-0.059060765005841856,0.5574855014579634,2,0,1,0,2,5,11,17
0,2,1,4,0,2,0,2,1,6,3,3,0,0,0,0,2,3,1.3928202366148152,3.427386968074832,2,0,1,0,2,5,1,20
1,0,0,1,0,0,0,2,1,6,1,5,0,0,0,1,2,6,2.2142241843496553,2.3039031341968625,2,0,0,0,2,5,4,20
0,2,1,1,1,2,0,2,0,6,4,5,1,0,0,3,2,3,-0.059060765005841856,0.18145898695076113,2,0,1,0,2,5,0,15
4,2,1,4,0,2,13,2,1,6,3,5,1,0,2,3,2,6,-0.059060765005841856,0.38524773313727256,2,0,1,0,2,5,10,5
4,1,1,1,0,0,7,2,1,5,4,5,1,0,0,3,2,2,-0.059060765005841856,0.3941330842105647,2,0,0,1,2,5,2,12
3,0,1,3,0,2,7,1,1,6,1,6,5,0,0,3,2,6,-0.5332574715698462,1.117267804148765,2,0,0,0,2,5,9,7
5,1,1,4,0,0,8,2,1,6,3,5,5,0,2,3,2,6,-0.059060765005841856,-0.5442638586190858,2,0,0,0,2,5,2,17
5,1,1,4,0,1,5,2,1,8,2,5,0,0,0,3,2,6,1.108084171100228,-0.5442638586190858,2,1,0,2,2,4,0,8
3,0,1,4,0,3,5,2,1,8,4,5,5,0,3,2,2,6,-0.059060765005841856,-0.5442638586190858,2,0,1,0,2,5,2,18
5,1,1,1,0,1,5,2,1,6,2,5,5,0,2,3,2,6,-0.059060765005841856,-0.5442638586190858,2,0,1,0,2,5,12,10
6,0,1,4,0,2,5,2,1,4,4,5,1,0,0,3,2,2,-0.059060765005841856,-0.26331716158191687,1,0,0,0,2,5,10,7
0,2,1,1,0,1,0,2,1,6,4,5,1,0,0,3,2,6,-0.1814115888763446,-0.5442638586190858,2,1,0,0,2,1,11,15
1,0,1,4,0,1,0,2,1,5,3,4,1,0,3,0,3,6,-1.2377873429362234,-0.5442638586190858,2,0,0,3,2,5,1,21
2,0,1,4,0,3,12,1,2,6,4,5,5,0,0,3,2,1,-0.059060765005841856,-0.5442638586190858,1,1,1,2,2,3,3,11
0,1,1,1,0,1,0,1,1,6,2,5,0,0,0,0,2,4,1.3928202366148152,3.427386968074832,1,0,1,0,1,5,9,19
2,0,1,4,0,0,12,2,1,7,4,5,5,0,3,0,2,2,-0.059060765005841856,-0.4447329283460332,2,1,0,3,1,5,11,22
0,1,1,1,1,1,0,2,1,8,2,5,1,0,0,0,2,6,-1.1011636637374198,-0.5442638586190858,2,0,1,0,2,5,1,20
1,2,1,4,0,4,7,1,0,7,2,5,5,0,0,3,2,2,-0.059060765005841856,0.09156144521217158,2,0,1,0,2,5,10,12
5,0,1,3,0,2,0,2,0,6,3,5,5,0,0,0,1,6,-0.059060765005841856,-0.5442638586190858,2,0,0,0,2,4,2,18
1,0,1,2,0,0,2,2,2,7,5,5,1,0,0,3,2,1,-0.059060765005841856,-0.502962705105803,2,0,1,0,2,5,3,16
0,0,1,4,0,2,13,2,1,5,3,6,0,0,0,3,2,6,-0.059060765005841856,-0.5442638586190858,2,0,1,0,2,5,3,12
4,1,1,4,0,2,1,2,1,6,3,5,5,0,0,3,2,0,-0.059060765005841856,-0.5442638586190858,2,0,1,0,2,5,0,12
5,2,1,4,0,3,0,2,1,7,3,5,5,0,0,3,2,6,-0.059060765005841856,-0.5442638586190858,2,0,1,0,2,5,6,13
5,0,1,4,0,3,0,1,1,2,3,5,5,0,1,3,2,2,-0.7002339520424179,-0.5442638586190858,2,0,0,0,2,5,0,12
5,0,1,4,0,0,3,2,1,6,2,5,1,0,3,3,2,1,0.06093879465958718,0.44864884805439376,2,0,1,0,2,5,11,5
2,1,1,2,0,2,6,2,1,6,2,5,1,0,1,1,2,6,-0.9425597836349635,-0.5442638586190858,2,0,1,0,2,5,10,22
2,2,1,0,0,3,5,2,1,6,2,5,5,0,0,0,2,2,0.16605283654051473,-0.3903131180481253,6,0,0,0,2,5,9,19
5,1,1,4,0,1,2,2,1,6,2,2,0,0,0,3,2,2,-1.5105920454902342,0.4484096806848903,2,0,0,0,2,5,11,15
4,0,0,4,0,0,7,1,1,6,2,5,5,0,0,3,2,5,-1.2662785572932307,-0.5442638586190858,2,0,1,0,2,5,0,8
5,1,1,0,0,2,0,2,0,6,2,5,0,0,0,3,2,6,-0.059060765005841856,-0.5442638586190858,2,0,1,0,1,5,10,7
3,0,1,1,0,2,0,2,1,6,2,3,5,1,2,0,2,2,0.9163895794896029,0.7899185443428979,2,0,1,1,2,5,0,1
1,0,1,1,0,1,7,2,1,8,4,5,5,0,2,0,2,5,-1.510941766626499,0.35748913101662194,2,0,1,0,2,5,10,19
6,1,1,4,0,1,9,2,0,1,2,5,5,0,3,0,2,6,-0.059060765005841856,-0.5442638586190858,2,1,0,0,2,5,2,17
2,0,1,1,0,0,13,1,1,7,3,5,0,0,0,1,2,6,-1.510941766626499,-0.15346312472555346,2,0,1,0,2,5,2,19
4,1,1,4,0,2,5,2,1,6,2,5,0,0,0,3,2,6,-1.510941766626499,-0.5442638586190858,0,0,0,0,2,5,13,14
1,0,1,4,0,2,5,0,1,8,2,5,5,0,0,3,1,6,-0.059060765005841856,-0.5442638586190858,2,0,0,0,2,5,10,12
3,2,1,2,0,2,5,2,0,6,0,5,1,0,3,3,2,6,-1.3330585512420392,-0.5442638586190858,2,0,1,0,2,5,12,5
3,0,1,3,0,1,5,2,1,6,5,5,0,0,0,3,2,6,-0.36689997296449295,-0.5442638586190858,2,0,0,1,2,5,9,17
0,0,1,1,0,1,0,1,1,6,1,5,5,0,0,3,2,6,-0.059060765005841856,-0.5442638586190858,2,1,0,1,1,5,9,22
0,1,1,1,0,1,0,2,0,7,5,3,5,0,0,3,2,6,-1.510941766626499,-0.5442638586190858,2,0,0,0,2,5,1,10
5,1,0,4,0,2,0,2,1,7,3,5,0,0,0,0,2,3,-0.059060765005841856,-0.5442638586190858,2,0,0,0,2,5,9,13
0,1,1,4,0,2,4,2,1,7,4,5,1,0,0,3,2,6,-0.059060765005841856,-0.5442638586190858,2,1,0,1,2,5,9,13
4,0,1,2,0,2,0,2,1,6,4,5,3,0,3,0,2,6,0.8192413087809296,-0.5442638586190858,2,0,1,0,2,5,11,19
4,1,1,4,0,0,0,2,1,6,1,4,0,0,0,0,2,6,-0.059060765005841856,-0.5442638586190858,2,0,1,0,2,5,1,23
1,1,1,4,0,2,0,2,1,6,1,5,5,0,0,3,2,6,-1.510941766626499,-0.5442638586190858,2,0,1,0,2,5,11,12
4,0,1,4,0,3,13,2,1,6,2,5,1,0,0,3,2,6,-0.059060765005841856,-0.5442638586190858,2,0,1,0,2,5,0,9
0,1,1,4,0,1,0,2,1,6,2,6,0,0,0,1,2,5,0.74670606434774,2.9855222622968207,2,0,0,1,2,5,11,19
3,0,1,4,0,2,0,2,1,6,1,4,1,1,0,0,2,1,-0.059779170667453085,0.44815754462858703,2,0,1,0,2,5,9,0
3,0,1,4,0,2,4,2,1,6,2,5,5,0,2,3,2,5,-0.059060765005841856,-0.5442638586190858,2,0,1,1,2,5,15,16
4,0,0,0,0,0,5,2,1,8,4,1,1,0,0,2,2,6,1.2381354614653552,1.2299898369309104,2,0,0,0,2,5,15,19
6,0,1,3,0,1,3,2,1,6,1,5,1,0,0,3,2,6,-1.2542874760291765,-0.36874306451000227,2,2,1,4,1,0,7,10
5,0,0,4,0,2,8,0,1,6,3,5,1,0,3,0,2,2,-1.510941766626499,-0.5442638586190858,2,0,0,0,2,5,11,17
2,0,1,4,0,2,0,2,0,7,4,3,5,2,0,0,2,6,-0.059060765005841856,-0.5442638586190858,2,0,1,0,2,5,3,22
4,2,1,0,0,4,11,2,1,8,2,5,1,0,0,3,2,6,1.3882879703167608,2.425175679508602,6,0,0,1,2,5,0,18
4,1,1,3,0,3,0,2,1,6,2,5,5,0,2,3,2,6,-0.059060765005841856,-0.5442638586190858,2,0,1,0,2,5,1,13
1,0,0,4,0,1,8,2,1,7,2,5,1,0,2,3,2,6,-0.059060765005841856,-0.5442638586190858,0,0,1,0,2,5,9,13
4,2,1,3,0,1,0,2,1,7,4,2,1,0,0,3,2,6,-0.059060765005841856,-0.5442638586190858,2,0,0,0,2,5,11,14
0,1,0,1,0,1,5,2,1,7,4,5,0,0,0,0,2,6,1.3928202366148152,3.427386968074832,2,0,1,0,2,5,14,20
0,1,1,4,0,2,9,0,0,6,3,5,5,0,0,3,2,6,1.3928202366148152,-0.5442638586190858,2,0,1,0,2,5,12,15
2,1,1,2,0,4,5,2,1,6,0,5,5,0,0,2,2,6,0.3050460685312528,-0.2952583952222412,8,0,0,0,2,5,1,19
0,1,1,4,0,1,5,2,1,6,4,5,0,0,0,3,2,6,-0.059060765005841856,-0.5442638586190858,2,1,1,2,2,5,9,14
2,1,1,1,0,2,3,2,1,6,2,5,5,0,3,0,2,5,0.019193138836733264,0.44864884805439376,6,0,0,0,2,5,9,19
4,0,1,3,0,2,12,2,0,10,2,5,0,0,0,3,2,6,-0.059060765005841856,0.4365553347041181,2,1,1,0,2,5,16,16
3,0,1,4,0,2,5,0,1,6,2,5,5,0,0,3,2,6,-0.059060765005841856,-0.5442638586190858,2,1,1,3,1,5,10,10
2,1,1,4,0,1,8,0,3,7,2,5,0,0,3,0,4,6,-1.0908364994516728,-0.5442638586190858,2,0,1,0,1,5,0,21
6,0,1,2,0,2,0,2,3,7,2,5,1,0,0,3,2,6,-0.42711407418134606,0.1969444680083332,4,0,0,0,2,5,10,13
2,0,0,4,0,3,4,2,1,7,2,5,5,0,0,3,2,1,-0.059060765005841856,-0.5442638586190858,3,0,1,0,2,5,1,14
0,0,1,4,0,2,0,2,2,7,4,5,3,0,3,0,3,2,-0.059060765005841856,-0.5442638586190858,2,0,1,0,2,5,3,21
2,1,1,1,0,1,0,2,1,9,5,6,5,0,0,0,2,6,-0.7683969647800811,-0.5442638586190858,1,0,1,0,2,5,1,17
5,1,1,1,0,1,0,2,1,6,2,5,1,0,0,3,2,6,-0.6981039334233923,-0.5442638586190858,2,0,1,0,2,5,10,7
5,1,1,4,0,2,11,2,0,3,3,5,5,0,1,1,2,6,-0.8030460434376041,-0.03546703869491974,2,0,0,0,2,5,3,16
5,1,1,1,0,1,8,2,1,6,1,5,4,0,0,3,2,6,-1.0357608770749447,-0.5442638586190858,2,0,1,0,2,5,10,10
6,1,1,4,0,3,8,2,1,6,3,5,0,0,0,3,2,6,0.8307528054918696,-0.5442638586190858,4,0,1,0,2,5,3,9
4,0,1,1,0,1,7,2,1,6,3,5,0,0,0,3,2,2,0.3058080915170835,0.19912225220622287,2,0,0,1,2,5,3,12
1,0,1,1,0,3,7,0,0,6,1,5,5,1,0,3,2,5,-1.2696383647747267,0.28362622320103703,2,0,1,0,2,5,9,7
3,0,1,4,0,1,3,2,1,7,2,4,1,0,0,0,2,2,-1.510941766626499,0.10165155411692345,2,1,0,4,2,5,6,1
1,0,1,4,0,2,5,2,1,6,1,5,5,0,0,3,2,5,1.0179539632832595,1.665383366874685,2,0,0,0,2,5,15,14
0,0,1,1,0,2,0,2,1,6,1,5,0,0,0,3,2,1,-1.1577062478297517,-0.5442638586190858,2,0,0,1,2,5,10,17
5,0,1,1,0,2,0,2,1,6,2,5,1,0,0,0,2,6,-0.5426745058212161,-0.5442638586190858,2,0,1,0,2,4,1,17
5,0,1,4,0,3,0,0,1,10,0,5,0,0,0,3,2,2,-1.1711607050544992,0.21627929907258933,2,0,0,0,2,5,12,16
2,0,1,4,0,1,5,2,1,6,4,5,1,0,0,2,2,6,-0.31484225872688576,1.6756320496877326,8,0,1,0,2,5,1,21
3,1,1,1,0,2,5,2,1,6,4,5,0,0,3,0,2,6,-0.059060765005841856,-0.11799616849244643,4,0,1,0,2,5,14,18
3,0,0,0,0,0,5,2,1,8,4,2,1,0,0,1,2,6,0.6897233438522394,0.4798934316966673,2,0,0,0,2,5,15,19
0,2,1,3,0,0,0,2,2,7,3,5,5,0,0,3,2,1,0.5943161949934967,-0.5442638586190858,2,0,1,0,2,5,12,18
6,1,1,2,0,3,0,2,0,8,2,5,1,0,0,3,2,6,0.654960711275466,-0.055958690464056715,2,0,1,0,2,5,1,7
1,0,1,4,0,1,0,1,1,6,4,5,5,0,0,0,2,2,-0.6899664114780458,-0.5442638586190858,2,0,1,0,2,5,10,18
2,0,1,1,0,2,0,1,1,6,4,5,3,0,0,0,2,4,-0.47211226456563016,-0.5442638586190858,2,2,0,4,1,1,10,22
3,0,1,1,0,3,5,2,1,2,4,5,5,0,0,0,2,6,-1.510941766626499,-0.5442638586190858,1,1,1,0,1,0,9,16
0,0,1,4,0,2,0,1,0,2,2,5,5,0,0,0,2,6,-1.1474281528766048,0.44864884805439376,2,0,1,0,2,5,3,16
0,0,1,4,0,1,9,0,0,6,3,5,5,0,0,3,2,6,0.9982391971075624,-0.5442638586190858,2,0,1,0,2,5,12,16
5,2,1,0,0,3,0,2,1,6,2,5,5,2,3,3,2,6,-1.4142058415584646,-0.5442638586190858,2,1,0,0,2,2,14,13
1,1,1,4,0,1,6,2,1,6,3,5,5,0,0,3,2,6,-0.059060765005841856,-0.5442638586190858,2,0,1,0,0,5,2,10
1,0,1,1,0,0,0,2,1,6,3,5,1,0,0,3,2,6,-1.510941766626499,-0.5442638586190858,2,0,0,2,1,5,0,17
4,0,1,4,0,2,0,0,2,6,2,5,1,1,0,3,2,6,2.7569545668326745,-0.3642392183622992,2,1,1,1,2,5,10,18
1,1,1,1,0,1,0,2,1,3,3,5,5,1,0,3,2,6,0.7492689860343439,1.5542503127668739,2,0,1,0,2,5,10,15
5,0,1,4,0,2,0,2,2,2,4,5,5,0,2,3,2,6,-0.059060765005841856,-0.5442638586190858,2,0,1,0,2,5,3,17
2,0,1,4,0,2,0,2,3,6,3,5,5,0,0,3,2,6,-0.016505834151172127,0.4777513237600801,2,0,0,0,2,5,0,15
2,2,1,4,0,2,9,2,1,6,4,5,5,0,2,0,2,2,0.18750166952589864,0.7858871946704582,2,0,1,0,1,5,9,19
5,1,1,4,0,1,0,2,1,6,2,5,4,0,0,3,2,6,-0.130766590960401,-0.5442638586190858,0,0,1,0,2,5,15,18
2,1,1,4,0,2,7,2,1,5,4,5,5,0,0,3,2,5,-0.059060765005841856,-0.5442638586190858,4,1,1,0,1,5,2,10
1,2,1,4,0,1,10,2,1,2,3,5,1,0,1,3,2,6,-0.5728896795965618,-0.5442638586190858,2,1,0,0,2,5,3,10
2,3,1,4,0,2,6,2,1,6,2,5,0,0,3,1,2,1,-0.6349848400750701,-0.15040077233509253,2,0,1,0,2,5,3,15
1,1,1,4,0,2,4,2,0,6,2,5,5,0,0,3,2,6,-0.059060765005841856,2.8713493680793007,2,0,1,0,2,5,9,12
6,0,0,4,0,3,7,2,1,7,4,4,1,0,2,0,2,5,1.2618948939435628,-0.5442638586190858,2,0,1,0,2,5,9,19
0,1,1,1,0,1,4,2,1,6,4,5,1,0,0,3,2,2,-1.1346155557555577,-0.4155828316578729,2,0,0,0,2,5,0,7
5,3,1,4,0,1,0,1,1,6,4,6,0,1,3,3,2,6,2.8447012382354724,4.420299674748312,4,2,1,0,2,3,1,11
3,0,1,1,0,3,0,2,1,6,1,5,2,0,0,3,2,6,-1.039372392038758,0.12615187785946952,2,0,1,0,2,5,3,14
5,0,1,4,0,2,0,2,1,6,2,5,5,0,0,3,2,6,0.966853340564241,-0.5442638586190858,1,1,0,2,2,1,10,16
0,1,1,1,0,1,0,2,1,6,2,5,0,0,0,0,2,6,1.3443012849902798,3.361024664926431,2,0,1,0,2,5,9,19
6,0,1,4,0,2,0,2,0,6,2,5,4,0,0,3,2,6,-0.059060765005841856,-0.3613900412977936,1,0,1,0,2,5,10,15
0,0,1,2,0,0,5,0,3,4,4,5,5,0,3,0,2,6,-0.059060765005841856,0.9943703396290136,4,0,1,0,2,5,10,19
5,1,1,4,0,1,0,2,1,6,3,5,0,0,0,2,2,6,-0.059060765005841856,-0.5442638586190858,2,2,1,1,2,5,1,19
3,2,1,2,0,1,3,2,1,7,2,1,1,0,0,3,2,1,-0.7430569390938442,-0.07649240089636217,2,0,0,0,2,5,14,17
0,1,1,2,0,2,4,2,2,6,2,5,1,0,0,3,2,6,-1.2477708986520262,-0.5442638586190858,2,0,0,0,2,5,9,12
2,0,1,4,0,0,4,2,1,6,0,5,5,0,0,3,2,6,-0.059060765005841856,-0.5442638586190858,1,0,1,1,2,5,3,14
4,0,1,4,0,1,7,2,1,6,0,5,1,0,3,0,2,6,-1.3042752002603406,-0.5442638586190858,2,2,0,3,1,5,1,19
2,0,1,4,0,2,10,2,1,6,5,4,4,0,0,2,2,1,-0.2078657401459929,0.44864884805439376,2,0,1,4,1,5,0,20
1,1,1,4,0,0,0,2,1,7,2,5,1,0,0,0,2,1,-0.059060765005841856,2.2757310964174273,2,0,1,0,2,5,1,20
0,1,1,1,0,1,13,2,1,6,2,5,5,0,0,3,2,6,-0.9338365020557501,-0.5442638586190858,2,1,0,1,1,5,3,15
6,2,1,4,0,1,0,1,1,6,3,6,1,0,3,3,2,6,-0.059060765005841856,0.44864884805439376,2,0,1,0,2,5,10,10
5,0,0,2,0,2,0,2,1,7,1,5,5,0,0,3,2,6,-0.059060765005841856,-0.5442638586190858,2,0,1,0,2,5,3,16
0,0,1,4,0,0,8,2,1,7,2,5,5,0,0,0,2,6,0.9094714888867328,1.1110089041744087,2,0,1,0,2,5,11,19
3,2,1,1,0,2,0,2,1,6,1,5,1,0,0,1,2,5,-1.255187247702449,2.434474261401353,2,0,0,0,2,5,11,22
4,0,0,4,0,3,9,2,1,6,2,5,3,0,0,3,2,6,-0.059060765005841856,-0.5442638586190858,4,0,1,1,2,5,0,15
2,0,1,4,0,1,0,2,1,6,4,5,0,0,0,3,2,5,-0.059060765005841856,-0.5442638586190858,2,0,0,4,1,5,1,16
1,0,1,4,0,3,4,2,1,7,4,5,5,0,0,3,2,6,0.1359254127754439,-0.5442638586190858,1,0,0,0,2,5,0,17
0,2,1,1,0,1,0,2,1,6,2,5,0,0,0,0,2,5,1.3462009467429055,3.395504957608242,2,0,0,0,2,5,9,20
2,0,1,4,0,3,6,2,1,6,3,5,5,0,0,3,2,6,-0.059060765005841856,-0.5442638586190858,2,0,0,0,2,5,15,13
6,1,1,4,0,4,0,2,1,2,4,5,0,0,0,0,2,5,-0.4032307847077765,-0.30889278796201614,2,0,1,0,2,5,0,18
4,2,1,1,0,1,0,2,1,2,2,5,5,1,0,3,2,2,-0.059060765005841856,-0.5442638586190858,2,0,1,0,2,5,11,10
2,0,1,4,0,3,0,1,1,1,2,5,0,0,0,3,2,1,0.10634627775817496,-0.3180266472355777,2,0,1,0,2,5,0,15
0,0,1,4,0,1,6,2,1,7,2,5,5,0,0,0,2,6,1.3928202366148152,1.4415615547278733,2,0,1,0,1,5,10,20
4,0,1,4,0,3,9,2,1,6,1,5,5,0,0,3,2,6,-0.16387196500771806,-0.5442638586190858,2,0,1,0,1,5,0,12
0,1,1,2,0,1,2,2,1,6,4,5,0,0,0,3,2,1,-0.059060765005841856,-0.5442638586190858,2,0,1,2,2,5,0,16
0,1,1,2,0,1,0,2,1,6,2,5,0,0,0,1,2,6,1.3928202366148152,3.427386968074832,2,0,1,0,2,5,10,19
4,0,1,4,0,2,0,2,1,6,4,5,5,0,0,3,2,6,-1.4904997709968542,-0.5302839820398196,2,1,1,3,1,0,2,8
5,0,1,4,0,4,7,2,1,6,2,5,0,0,0,3,2,6,1.372617058969284,-0.5373555817778578,6,0,0,0,2,5,2,9
1,0,0,2,0,3,5,2,1,7,1,5,5,0,2,3,2,6,-0.059060765005841856,-0.5442638586190858,2,0,1,0,2,5,10,9
2,0,1,4,0,0,5,2,3,6,2,5,1,0,0,3,2,6,-1.510941766626499,-0.5442638586190858,2,0,0,0,2,5,10,14
5,0,1,4,0,1,2,1,1,1,4,5,0,2,0,3,2,1,1.3928202366148152,0.7070160216986916,2,0,1,0,2,5,0,13
5,1,1,4,1,2,0,2,3,6,4,5,5,0,0,3,2,6,-0.059060765005841856,-0.5442638586190858,1,0,0,0,2,5,14,13
0,0,1,4,0,1,0,2,3,6,2,5,0,0,0,3,2,6,1.3514125543858326,-0.5442638586190858,2,0,0,0,2,5,1,8
0,0,1,1,0,0,5,2,3,6,3,5,5,0,0,2,2,5,-0.1907403517646673,-0.5442638586190858,2,0,1,0,2,5,10,17
5,0,1,4,0,1,5,0,1,8,2,5,1,0,3,0,2,5,-0.04712175676847977,0.4404839964097178,2,0,1,0,2,5,9,21
2,1,1,4,0,0,0,2,1,5,2,3,1,0,0,0,2,6,-0.059060765005841856,-0.5442638586190858,2,0,0,0,2,5,1,22
0,0,1,1,0,3,12,0,1,2,2,5,5,0,0,3,0,2,-1.510941766626499,-0.5442638586190858,2,0,1,0,2,5,2,8
5,0,0,4,1,2,0,2,1,5,4,6,1,0,0,3,2,5,-0.059060765005841856,-0.4571155350329542,1,0,0,0,2,5,5,15
0,1,1,4,0,1,4,2,0,6,4,5,0,0,2,3,2,6,-0.059060765005841856,-0.33137531104269846,2,0,1,0,2,5,17,8
2,1,1,2,0,2,0,2,1,6,1,5,1,0,0,0,2,3,-0.5615551152750058,2.0908283118662636,2,0,0,2,2,5,10,21
1,0,1,4,0,3,0,2,1,6,2,5,5,0,0,3,2,6,-1.510941766626499,-0.5442638586190858,3,0,1,0,2,5,12,11
6,0,1,4,0,2,4,0,3,7,2,5,5,0,0,3,2,6,-0.051308966215095564,0.44864884805439376,2,0,1,0,2,5,10,7
4,3,1,1,0,2,0,2,1,6,4,5,1,0,0,3,2,6,-0.03709607926190661,-0.4992002159054634,2,0,1,0,2,5,4,17
4,0,0,4,0,0,5,2,1,6,1,5,5,1,3,0,2,2,1.0380751928433463,0.32734728780360367,2,0,1,0,2,5,0,16
4,0,0,1,0,2,0,2,1,6,2,5,1,0,0,0,2,2,-1.510941766626499,-0.5442638586190858,2,0,0,0,2,5,9,21
5,0,1,4,0,1,7,2,1,4,2,5,5,0,0,3,2,3,0.4356756178484489,-0.5442638586190858,1,2,0,0,1,5,9,16
1,2,0,4,0,2,3,2,1,5,3,3,1,0,0,3,2,1,-1.0103521753058406,-0.5442638586190858,3,0,1,0,2,5,3,9
3,0,1,4,0,2,4,2,3,2,4,5,5,0,0,3,2,6,-0.059060765005841856,-0.5442638586190858,2,0,1,0,2,5,9,19
3,0,1,4,0,2,0,2,1,6,2,5,5,0,2,3,2,6,-0.4823086546393721,-0.2548129964473471,2,0,1,0,2,5,9,14
5,0,1,4,0,2,6,2,1,4,2,5,5,0,0,3,2,1,-0.059060765005841856,-0.11007459352192384,1,1,0,2,2,5,9,15
4,1,1,4,0,1,5,2,1,6,2,5,5,0,0,3,2,6,-0.059060765005841856,-0.5442638586190858,2,0,0,0,2,5,11,8
4,0,1,4,0,3,6,2,1,6,4,5,1,0,3,3,2,6,-0.059060765005841856,0.37115760152887656,2,0,0,0,2,5,1,5
6,0,1,4,0,1,8,2,1,6,4,5,5,0,3,0,2,6,-0.059060765005841856,-0.5442638586190858,2,0,0,0,2,5,1,17
1,0,1,1,0,1,5,2,1,2,3,5,0,0,0,2,2,2,2.518177838670322,1.88816734692787,2,0,1,1,2,5,1,20
1,2,1,4,0,3,13,1,2,8,2,5,0,0,0,3,2,4,-0.059060765005841856,0.5640931366489337,6,1,1,0,2,5,5,13
1,1,1,4,0,1,0,1,1,8,2,5,5,0,0,3,2,6,-0.059060765005841856,0.6269114297896565,2,0,1,0,2,5,1,13